{
  "type": "FeatureCollection",
  "features": [
    {
      "type": "Feature",
      "geometry": {
        "type": "Polygon",
        "coordinates": [
          [
            [
              79.851850684349,
              6.934421970384408
            ],
            [
              79.85184849589291,
              6.934200008961263
            ],
            [
              79.85184085694247,
              6.93397816805623
            ],
            [
              79.85182777210682,
              6.933756581298974
            ],
            [
              79.85180924927552,
              6.933535382165879
            ],
            [
              79.85178529961378,
              6.933314703899652
            ],
            [
              79.85175593755574,
              6.933094679429054
            ],
            [
              79.85172118079574,
              6.932875441288832
            ],
            [
              79.85168105027759,
              6.9326571215398864
            ],
            [
              79.85163557018203,
              6.932439851689709
            ],
            [
              79.85158476791207,
              6.932223762613192
            ],
            [
              79.85152867407653,
              6.932008984473769
            ],
            [
              79.85146732247154,
              6.931795646645027
            ],
            [
              79.85140075006014,
              6.931583877632775
            ],
            [
              79.85132899695006,
              6.931373804997641
            ],
            [
              79.85125210636953,
              6.931165555278228
            ],
            [
              79.85117012464117,
              6.930959253914905
            ],
            [
              79.85108310115417,
              6.930755025174244
            ],
            [
              79.85099108833442,
              6.930552992074177
            ],
            [
              79.85089414161297,
              6.930353276309891
            ],
            [
              79.85079231939262,
              6.930155998180529
            ],
            [
              79.85068568301276,
              6.9299612765167415
            ],
            [
              79.85057429671231,
              6.929769228609102
            ],
            [
              79.8504582275911,
              6.929579970137461
            ],
            [
              79.85033754556946,
              6.929393615101285
            ],
            [
              79.85021232334599,
              6.929210275750977
            ],
            [
              79.85008263635382,
              6.929030062520278
            ],
            [
              79.84994856271518,
              6.928853083959751
            ],
            [
              79.84981018319432,
              6.928679446671403
            ],
            [
              79.84966758114882,
              6.928509255244473
            ],
            [
              79.84952084247941,
              6.92834261219245
            ],
            [
              79.84937005557819,
              6.928179617891327
            ],
            [
              79.84921531127543,
              6.928020370519136
            ],
            [
              79.84905670278475,
              6.927864965996842
            ],
            [
              79.84889432564712,
              6.927713497930544
            ],
            [
              79.84872827767317,
              6.927566057555124
            ],
            [
              79.84855865888437,
              6.927422733679281
            ],
            [
              79.8483855714527,
              6.927283612632062
            ],
            [
              79.84820911963914,
              6.927148778210853
            ],
            [
              79.84802940973087,
              6.9270183116309285
            ],
            [
              79.84784654997728,
              6.926892291476526
            ],
            [
              79.8476606505247,
              6.926770793653523
            ],
            [
              79.84747182335009,
              6.9266538913437365
            ],
            [
              79.84728018219364,
              6.926541654960828
            ],
            [
              79.84708584249016,
              6.926434152107915
            ],
            [
              79.84688892129961,
              6.926331447536857
            ],
            [
              79.84668953723667,
              6.926233603109252
            ],
            [
              79.84648781039914,
              6.92614067775919
            ],
            [
              79.8462838622957,
              6.926052727457763
            ],
            [
              79.84607781577277,
              6.925969805179348
            ],
            [
              79.84586979494046,
              6.925891960869724
            ],
            [
              79.84565992509775,
              6.92581924141598
            ],
            [
              79.84544833265718,
              6.925751690618284
            ],
            [
              79.84523514506868,
              6.925689349163509
            ],
            [
              79.84502049074268,
              6.925632254600734
            ],
            [
              79.84480449897292,
              6.925580441318628
            ],
            [
              79.84458729985853,
              6.925533940524751
            ],
            [
              79.8443690242257,
              6.925492780226749
            ],
            [
              79.84414980354886,
              6.925456985215508
            ],
            [
              79.84392976987148,
              6.9254265770502075
            ],
            [
              79.84370905572662,
              6.925401574045355
            ],
            [
              79.84348779405705,
              6.925381991259755
            ],
            [
              79.84326611813525,
              6.925367840487436
            ],
            [
              79.84304416148306,
              6.92535913025056
            ],
            [
              79.84282205779138,
              6.925355865794289
            ],
            [
              79.84259994083955,
              6.9253580490836315
            ],
            [
              79.84237794441484,
              6.9253656788022635
            ],
            [
              79.84215620223188,
              6.925378750353311
            ],
            [
              79.84193484785214,
              6.925397255862146
            ],
            [
              79.8417140146035,
              6.925421184181108
            ],
            [
              79.84149383549988,
              6.925450520896234
            ],
            [
              79.84127444316124,
              6.925485248335939
            ],
            [
              79.84105596973363,
              6.925525345581656
            ],
            [
              79.84083854680972,
              6.925570788480448
            ],
            [
              79.84062230534944,
              6.925621549659545
            ],
            [
              79.84040737560112,
              6.925677598542836
            ],
            [
              79.8401938870231,
              6.925738901369293
            ],
            [
              79.83998196820582,
              6.925805421213291
            ],
            [
              79.8397717467942,
              6.9258771180068575
            ],
            [
              79.83956334941095,
              6.925953948563808
            ],
            [
              79.83935690158022,
              6.926035866605749
            ],
            [
              79.83915252765202,
              6.9261228227899565
            ],
            [
              79.83895035072734,
              6.926214764739088
            ],
            [
              79.83875049258405,
              6.926311637072742
            ],
            [
              79.83855307360346,
              6.926413381440794
            ],
            [
              79.83835821269791,
              6.92651993655855
            ],
            [
              79.83816602723914,
              6.926631238243659
            ],
            [
              79.83797663298756,
              6.926747219454759
            ],
            [
              79.83779014402259,
              6.926867810331864
            ],
            [
              79.8376066726739,
              6.926992938238428
            ],
            [
              79.83742632945379,
              6.927122527805099
            ],
            [
              79.83724922299065,
              6.927256500975115
            ],
            [
              79.83707545996347,
              6.927394777051298
            ],
            [
              79.83690514503765,
              6.927537272744678
            ],
            [
              79.8367383808019,
              6.927683902224632
            ],
            [
              79.83657526770656,
              6.927834577170599
            ],
            [
              79.83641590400296,
              6.927989206825259
            ],
            [
              79.83626038568435,
              6.92814769804919
            ],
            [
              79.83610880642802,
              6.928309955376978
            ],
            [
              79.83596125753886,
              6.928475881074696
            ],
            [
              79.83581782789446,
              6.928645375198777
            ],
            [
              79.83567860389148,
              6.928818335656203
            ],
            [
              79.83554366939364,
              6.928994658265994
            ],
            [
              79.8354131056812,
              6.92917423682195
            ],
            [
              79.835286991402,
              6.929356963156622
            ],
            [
              79.8351654025241,
              6.929542727206452
            ],
            [
              79.83504841228999,
              6.929731417078067
            ],
            [
              79.83493609117244,
              6.929922919115666
            ],
            [
              79.83482850683214,
              6.930117117969473
            ],
            [
              79.83472572407683,
              6.930313896665217
            ],
            [
              79.83462780482233,
              6.93051313667457
            ],
            [
              79.83453480805521,
              6.930714717986549
            ],
            [
              79.83444678979721,
              6.930918519179792
            ],
            [
              79.8343638030716,
              6.931124417495676
            ],
            [
              79.83428589787104,
              6.93133228891228
            ],
            [
              79.8342131211277,
              6.931542008219058
            ],
            [
              79.83414551668474,
              6.931753449092264
            ],
            [
              79.83408312527007,
              6.931966484171043
            ],
            [
              79.83402598447168,
              6.932180985134121
            ],
            [
              79.83397412871506,
              6.932396822777115
            ],
            [
              79.8339275892424,
              6.93261386709034
            ],
            [
              79.83388639409384,
              6.932831987337119
            ],
            [
              79.8338505680904,
              6.933051052132531
            ],
            [
              79.83382013281921,
              6.93327092952254
            ],
            [
              79.83379510662034,
              6.933491487063478
            ],
            [
              79.83377550457581,
              6.933712591901812
            ],
            [
              79.8337613385005,
              6.933934110854176
            ],
            [
              79.8337526169349,
              6.934155910487581
            ],
            [
              79.83374934514012,
              6.934377857199795
            ],
            [
              79.83375152509458,
              6.9345998172998
            ],
            [
              79.83375915549284,
              6.934821657088342
            ],
            [
              79.83377223174635,
              6.935043242938446
            ],
            [
              79.83379074598624,
              6.935264441375906
            ],
            [
              79.83381468706796,
              6.935485119159698
            ],
            [
              79.83384404057806,
              6.935705143362219
            ],
            [
              79.83387878884281,
              6.935924381449368
            ],
            [
              79.83391891093885,
              6.936142701360377
            ],
            [
              79.83396438270573,
              6.936359971587357
            ],
            [
              79.83401517676052,
              6.936576061254515
            ],
            [
              79.83407126251417,
              6.936790840196991
            ],
            [
              79.83413260619004,
              6.937004179039262
            ],
            [
              79.83419917084417,
              6.937215949273076
            ],
            [
              79.83427091638752,
              6.937426023334869
            ],
            [
              79.83434779961011,
              6.937634274682595
            ],
            [
              79.83442977420702,
              6.937840577871964
            ],
            [
              79.83451679080628,
              6.938044808632005
            ],
            [
              79.83460879699854,
              6.938246843939922
            ],
            [
              79.83470573736875,
              6.9384465620952085
            ],
            [
              79.8348075535294,
              6.9386438427929615
            ],
            [
              79.83491418415574,
              6.938838567196343
            ],
            [
              79.83502556502263,
              6.93903061800818
            ],
            [
              79.83514162904336,
              6.939219879541622
            ],
            [
              79.83526230630994,
              6.939406237789832
            ],
            [
              79.83538752413519,
              6.939589580494663
            ],
            [
              79.83551720709654,
              6.939769797214296
            ],
            [
              79.8356512770815,
              6.939946779389765
            ],
            [
              79.83578965333463,
              6.940120420410353
            ],
            [
              79.83593225250623,
              6.940290615677824
            ],
            [
              79.83607898870247,
              6.940457262669446
            ],
            [
              79.83622977353721,
              6.9406202609997285
            ],
            [
              79.8363845161852,
              6.940779512480934
            ],
            [
              79.83654312343674,
              6.940934921182203
            ],
            [
              79.83670549975389,
              6.941086393487361
            ],
            [
              79.83687154732796,
              6.941233838151323
            ],
            [
              79.83704116613849,
              6.941377166355051
            ],
            [
              79.83721425401343,
              6.941516291759076
            ],
            [
              79.83739070669073,
              6.941651130555516
            ],
            [
              79.8375704178811,
              6.941781601518555
            ],
            [
              79.83775327933212,
              6.941907626053396
            ],
            [
              79.83793918089333,
              6.9420291282436075
            ],
            [
              79.83812801058266,
              6.9421460348968544
            ],
            [
              79.83831965465396,
              6.942258275589011
            ],
            [
              79.83851399766532,
              6.942365782706576
            ],
            [
              79.8387109225488,
              6.942468491487419
            ],
            [
              79.83891031068087,
              6.942566340059798
            ],
            [
              79.83911204195392,
              6.942659269479639
            ],
            [
              79.83931599484856,
              6.9427472237660455
            ],
            [
              79.83952204650684,
              6.942830149935039
            ],
            [
              79.83973007280632,
              6.94290799803147
            ],
            [
              79.83993994843478,
              6.942980721159126
            ],
            [
              79.84015154696574,
              6.943048275508986
            ],
            [
              79.84036474093467,
              6.943110620385622
            ],
            [
              79.84057940191573,
              6.94316771823171
            ],
            [
              79.84079540059913,
              6.943219534650673
            ],
            [
              79.8410126068691,
              6.943266038427395
            ],
            [
              79.8412308898822,
              6.943307201547038
            ],
            [
              79.84145011814626,
              6.943342999211924
            ],
            [
              79.84167015959949,
              6.943373409856481
            ],
            [
              79.84189088169012,
              6.943398415160224
            ],
            [
              79.84211215145619,
              6.9434180000588155
            ],
            [
              79.8423338356058,
              6.943432152753133
            ],
            [
              79.84255580059721,
              6.943440864716386
            ],
            [
              79.84277791271948,
              6.943444130699253
            ],
            [
              79.84300003817296,
              6.943441948733047
            ],
            [
              79.84322204314985,
              6.943434320130906
            ],
            [
              79.84344379391494,
              6.943421249487012
            ],
            [
              79.8436651568861,
              6.9434027446738105
            ],
            [
              79.84388599871477,
              6.943378816837286
            ],
            [
              79.84410618636632,
              6.943349480390234
            ],
            [
              79.84432558720023,
              6.9433147530036035
            ],
            [
              79.84454406904992,
              6.943274655595824
            ],
            [
              79.8447615003025,
              6.943229212320228
            ],
            [
              79.84497774997797,
              6.943178450550491
            ],
            [
              79.84519268780818,
              6.943122400864146
            ],
            [
              79.84540618431531,
              6.94306109702416
            ],
            [
              79.84561811088987,
              6.9429945759586
            ],
            [
              79.8458283398682,
              6.942922877738376
            ],
            [
              79.8460367446094,
              6.942846045553111
            ],
            [
              79.84624319957157,
              6.942764125685123
            ],
            [
              79.84644758038753,
              6.942677167481536
            ],
            [
              79.84664976393968,
              6.942585223324552
            ],
            [
              79.84684962843421,
              6.942488348599898
            ],
            [
              79.8470470534745,
              6.942386601663456
            ],
            [
              79.8472419201336,
              6.942280043806106
            ],
            [
              79.84743411102593,
              6.9421687392168
            ],
            [
              79.84762351037796,
              6.942052754943899
            ],
            [
              79.84781000409801,
              6.941932160854761
            ],
            [
              79.84799347984494,
              6.941807029593672
            ],
            [
              79.84817382709585,
              6.941677436538065
            ],
            [
              79.84835093721266,
              6.94154345975311
            ],
            [
              79.84852470350756,
              6.941405179944685
            ],
            [
              79.8486950213073,
              6.941262680410764
            ],
            [
              79.84886178801621,
              6.941116046991212
            ],
            [
              79.849024903178,
              6.9409653680160845
            ],
            [
              79.8491842685364,
              6.940810734252411
            ],
            [
              79.84933978809416,
              6.940652238849503
            ],
            [
              79.84949136817097,
              6.940489977282854
            ],
            [
              79.84963891746,
              6.940324047296596
            ],
            [
              79.84978234708265,
              6.94015454884463
            ],
            [
              79.84992157064238,
              6.939981584030397
            ],
            [
              79.85005650427648,
              6.939805257045376
            ],
            [
              79.85018706670681,
              6.939625674106305
            ],
            [
              79.85031317928859,
              6.939442943391197
            ],
            [
              79.85043476605786,
              6.9392571749741565
            ],
            [
              79.85055175377724,
              6.9390684807590794
            ],
            [
              79.85066407197995,
              6.938876974412236
            ],
            [
              79.85077165301239,
              6.9386827712937755
            ],
            [
              79.85087443207475,
              6.938485988388247
            ],
            [
              79.85097234726011,
              6.9382867442341185
            ],
            [
              79.85106533959173,
              6.93808515885236
            ],
            [
              79.8511533530585,
              6.937881353674138
            ],
            [
              79.85123633464877,
              6.937675451467677
            ],
            [
              79.85131423438217,
              6.937467576264266
            ],
            [
              79.85138700533977,
              6.93725785328358
            ],
            [
              79.85145460369232,
              6.9370464088582064
            ],
            [
              79.85151698872656,
              6.936833370357567
            ],
            [
              79.8515741228699,
              6.936618866111176
            ],
            [
              79.85162597171288,
              6.936403025331325
            ],
            [
              79.85167250402995,
              6.936185978035258
            ],
            [
              79.85171369179824,
              6.935967854966836
            ],
            [
              79.85174951021447,
              6.9357487875177775
            ],
            [
              79.85177993770981,
              6.935528907648513
            ],
            [
              79.85180495596292,
              6.935308347808685
            ],
            [
              79.85182454991092,
              6.93508724085736
            ],
            [
              79.85183870775846,
              6.934865719982997
            ],
            [
              79.85184742098481,
              6.934643918623215
            ],
            [
              79.851850684349,
              6.934421970384408
            ]
          ]
        ]
      },
      "properties": {
        "zone_id": "Z1",
        "zone_name": "Fort / Pettah",
        "key_venue": "Fort Railway Station",
        "centroid_lat": 6.9344,
        "centroid_lon": 79.8428,
        "colour": "#E63946",
        "radius_m": 1000
      }
    },
    {
      "type": "Feature",
      "geometry": {
        "type": "Polygon",
        "coordinates": [
          [
            [
              79.85875033091881,
              6.914721777166022
            ],
            [
              79.85874813780751,
              6.914499815080032
            ],
            [
              79.85874049441769,
              6.914277973628792
            ],
            [
              79.85872740536117,
              6.914056386442286
            ],
            [
              79.85870887853,
              6.913835186997154
            ],
            [
              79.85868492509178,
              6.913614508536283
            ],
            [
              79.85865555948293,
              6.913394483988549
            ],
            [
              79.85862079939983,
              6.9131752458887386
            ],
            [
              79.85858066578837,
              6.912956926297721
            ],
            [
              79.85853518283106,
              6.912739656722896
            ],
            [
              79.85848437793264,
              6.912523568038982
            ],
            [
              79.85842828170347,
              6.912308790409174
            ],
            [
              79.8583669279411,
              6.912095453206756
            ],
            [
              79.85830035360986,
              6.911883684937154
            ],
            [
              79.85822859881861,
              6.9116736131605485
            ],
            [
              79.85815170679658,
              6.911465364415029
            ],
            [
              79.85806972386722,
              6.911259064140376
            ],
            [
              79.85798269942042,
              6.91105483660251
            ],
            [
              79.85789068588264,
              6.910852804818637
            ],
            [
              79.85779373868532,
              6.91065309048316
            ],
            [
              79.85769191623157,
              6.910455813894359
            ],
            [
              79.85758527986084,
              6.910261093881964
            ],
            [
              79.85747389381208,
              6.910069047735557
            ],
            [
              79.85735782518495,
              6.909879791133938
            ],
            [
              79.85723714389941,
              6.909693438075447
            ],
            [
              79.85711192265364,
              6.909510100809307
            ],
            [
              79.85698223688019,
              6.909329889768004
            ],
            [
              79.85684816470051,
              6.9091529135008
            ],
            [
              79.85670978687794,
              6.908979278608318
            ],
            [
              79.85656718676906,
              6.908809089678374
            ],
            [
              79.85642045027339,
              6.9086424492229535
            ],
            [
              79.85626966578174,
              6.9084794576164965
            ],
            [
              79.85611492412286,
              6.9083202130354255
            ],
            [
              79.85595631850887,
              6.908164811399028
            ],
            [
              79.85579394447893,
              6.908013346311683
            ],
            [
              79.8556278998418,
              6.907865909006485
            ],
            [
              79.85545828461696,
              6.907722588290298
            ],
            [
              79.8552852009742,
              6.907583470490274
            ],
            [
              79.85510875317222,
              6.907448639401858
            ],
            [
              79.85492904749582,
              6.907318176238328
            ],
            [
              79.85474619219181,
              6.907192159581875
            ],
            [
              79.85456029740384,
              6.907070665336287
            ],
            [
              79.85437147510608,
              6.906953766681234
            ],
            [
              79.85417983903577,
              6.90684153402819
            ],
            [
              79.85398550462465,
              6.906734034978043
            ],
            [
              79.85378858892953,
              6.906631334280368
            ],
            [
              79.85358921056175,
              6.906533493794448
            ],
            [
              79.85338748961571,
              6.90644057245201
            ],
            [
              79.85318354759656,
              6.906352626221746
            ],
            [
              79.85297750734705,
              6.906269708075594
            ],
            [
              79.85276949297347,
              6.906191867956855
            ],
            [
              79.85255962977102,
              6.906119152750106
            ],
            [
              79.8523480441482,
              6.906051606252972
            ],
            [
              79.85213486355083,
              6.9059892691497495
            ],
            [
              79.85192021638517,
              6.905932178986903
            ],
            [
              79.85170423194066,
              6.905880370150469
            ],
            [
              79.85148704031204,
              6.905833873845338
            ],
            [
              79.85126877232099,
              6.905792718076463
            ],
            [
              79.85104955943736,
              6.905756927632014
            ],
            [
              79.85082953369992,
              6.905726524068431
            ],
            [
              79.85060882763703,
              6.9057015256974585
            ],
            [
              79.85038757418657,
              6.905681947575117
            ],
            [
              79.85016590661608,
              6.905667801492643
            ],
            [
              79.84994395844242,
              6.905659095969377
            ],
            [
              79.84972186335138,
              6.905655836247651
            ],
            [
              79.84949975511714,
              6.9056580242896315
            ],
            [
              79.84927776752176,
              6.905665658776134
            ],
            [
              79.84905603427458,
              6.9056787351074265
            ],
            [
              79.84883468893169,
              6.905697245406003
            ],
            [
              79.84861386481555,
              6.9057211785213255
            ],
            [
              79.8483936949346,
              6.905750520036545
            ],
            [
              79.84817431190326,
              6.905785252277192
            ],
            [
              79.84795584786208,
              6.905825354321812
            ],
            [
              79.847738434398,
              6.905870802014577
            ],
            [
              79.84752220246527,
              6.905921567979834
            ],
            [
              79.84730728230657,
              6.905977621638596
            ],
            [
              79.84709380337449,
              6.906038929226951
            ],
            [
              79.84688189425361,
              6.906105453816412
            ],
            [
              79.84667168258309,
              6.906177155336149
            ],
            [
              79.84646329497978,
              6.906253990597127
            ],
            [
              79.84625685696196,
              6.906335913318119
            ],
            [
              79.84605249287375,
              6.906422874153581
            ],
            [
              79.84585032581026,
              6.906514820723367
            ],
            [
              79.84565047754337,
              6.906611697644286
            ],
            [
              79.84545306844852,
              6.90671344656345
            ],
            [
              79.8452582174321,
              6.906820006193419
            ],
            [
              79.84506604185992,
              6.906931312349117
            ],
            [
              79.84487665748644,
              6.907047297986486
            ],
            [
              79.84469017838515,
              6.907167893242862
            ],
            [
              79.8445067168798,
              6.907293025479063
            ],
            [
              79.84432638347678,
              6.90742261932312
            ],
            [
              79.84414928679857,
              6.907556596715681
            ],
            [
              79.84397553351828,
              6.907694876957022
            ],
            [
              79.84380522829545,
              6.9078373767556505
            ],
            [
              79.84363847371297,
              6.907984010278464
            ],
            [
              79.84347537021537,
              6.908134689202461
            ],
            [
              79.8433160160482,
              6.9082893227679065
            ],
            [
              79.84316050719899,
              6.90844781783302
            ],
            [
              79.84300893733929,
              6.908610078930055
            ],
            [
              79.8428613977684,
              6.90877600832281
            ],
            [
              79.84271797735828,
              6.9089455060654785
            ],
            [
              79.84257876250001,
              6.909118470062849
            ],
            [
              79.8424438370518,
              6.909294796131799
            ],
            [
              79.84231328228852,
              6.909474378064032
            ],
            [
              79.84218717685255,
              6.909657107690052
            ],
            [
              79.84206559670666,
              6.909842874944307
            ],
            [
              79.84194861508806,
              6.91003156793148
            ],
            [
              79.84183630246436,
              6.91022307299388
            ],
            [
              79.84172872649107,
              6.910417274779897
            ],
            [
              79.84162595197095,
              6.910614056313481
            ],
            [
              79.84152804081484,
              6.9108132990645785
            ],
            [
              79.84143505200437,
              6.911014883020545
            ],
            [
              79.84134704155655,
              6.911218686758408
            ],
            [
              79.84126406248987,
              6.911424587518006
            ],
            [
              79.84118616479245,
              6.911632461275927
            ],
            [
              79.84111339539183,
              6.911842182820202
            ],
            [
              79.84104579812681,
              6.912053625825729
            ],
            [
              79.84098341372093,
              6.912266662930353
            ],
            [
              79.84092627975795,
              6.912481165811567
            ],
            [
              79.84087443065923,
              6.912697005263822
            ],
            [
              79.84082789766296,
              6.912914051276333
            ],
            [
              79.84078670880527,
              6.913132173111385
            ],
            [
              79.84075088890349,
              6.913351239383088
            ],
            [
              79.84072045954098,
              6.913571118136511
            ],
            [
              79.84069543905424,
              6.9137916769271515
            ],
            [
              79.84067584252186,
              6.914012782900714
            ],
            [
              79.84066168175535,
              6.914234302873139
            ],
            [
              79.840652965292,
              6.914456103410816
            ],
            [
              79.84064969838983,
              6.914678050910953
            ],
            [
              79.84065188302426,
              6.914900011682061
            ],
            [
              79.84065951788703,
              6.9151218520244635
            ],
            [
              79.84067259838689,
              6.915343438310851
            ],
            [
              79.84069111665235,
              6.915564637066747
            ],
            [
              79.84071506153646,
              6.915785315050931
            ],
            [
              79.84074441862342,
              6.916005339335669
            ],
            [
              79.84077917023734,
              6.916224577386813
            ],
            [
              79.84081929545282,
              6.916442897143607
            ],
            [
              79.8408647701075,
              6.916660167098258
            ],
            [
              79.84091556681666,
              6.916876256375125
            ],
            [
              79.84097165498967,
              6.917091034809588
            ],
            [
              79.8410330008484,
              6.917304373026427
            ],
            [
              79.84109956744756,
              6.917516142517767
            ],
            [
              79.8411713146969,
              6.917726215720489
            ],
            [
              79.84124819938538,
              6.917934466093065
            ],
            [
              79.84133017520719,
              6.918140768191797
            ],
            [
              79.84141719278958,
              6.918344997746365
            ],
            [
              79.84150919972264,
              6.918547031734711
            ],
            [
              79.84160614059081,
              6.918746748457121
            ],
            [
              79.84170795700625,
              6.918944027609558
            ],
            [
              79.84181458764405,
              6.9191387503561215
            ],
            [
              79.84192596827907,
              6.91933079940064
            ],
            [
              79.8420420318247,
              6.919520059057335
            ],
            [
              79.84216270837322,
              6.919706415320505
            ],
            [
              79.84228792523786,
              6.919889755933207
            ],
            [
              79.84241760699662,
              6.920069970454887
            ],
            [
              79.84255167553773,
              6.9202469503279085
            ],
            [
              79.8426900501066,
              6.920420588942953
            ],
            [
              79.8428326473545,
              6.920590781703244
            ],
            [
              79.8429793813888,
              6.920757426087564
            ],
            [
              79.84313016382463,
              6.920920421712009
            ],
            [
              79.84328490383815,
              6.921079670390475
            ],
            [
              79.84344350822127,
              6.921235076193805
            ],
            [
              79.84360588143775,
              6.921386545507582
            ],
            [
              79.84377192568081,
              6.921533987088528
            ],
            [
              79.84394154093191,
              6.921677312119481
            ],
            [
              79.8441146250212,
              6.921816434262892
            ],
            [
              79.84429107368891,
              6.921951269712855
            ],
            [
              79.84447078064812,
              6.922081737245581
            ],
            [
              79.84465363764897,
              6.922207758268355
            ],
            [
              79.84483953454371,
              6.92232925686687
            ],
            [
              79.8450283593531,
              6.922446159850974
            ],
            [
              79.84521999833383,
              6.922558396798755
            ],
            [
              79.84541433604717,
              6.922665900098984
            ],
            [
              79.84561125542832,
              6.9227686049918455
            ],
            [
              79.84581063785713,
              6.922866449607952
            ],
            [
              79.84601236322935,
              6.922959375005625
            ],
            [
              79.84621631002918,
              6.923047325206405
            ],
            [
              79.84642235540238,
              6.923130247228784
            ],
            [
              79.84663037523028,
              6.923208091120129
            ],
            [
              79.84684024420457,
              6.923280809986768
            ],
            [
              79.84705183590282,
              6.923348360022264
            ],
            [
              79.8472650228646,
              6.923410700533797
            ],
            [
              79.84747967666831,
              6.923467793966686
            ],
            [
              79.84769566800851,
              6.92351960592702
            ],
            [
              79.84791286677385,
              6.9235661052023865
            ],
            [
              79.84813114212547,
              6.923607263780668
            ],
            [
              79.84835036257576,
              6.9236430568669345
            ],
            [
              79.84857039606771,
              6.923673462898379
            ],
            [
              79.84879111005436,
              6.923698463557311
            ],
            [
              79.84901237157868,
              6.923718043782195
            ],
            [
              79.84923404735366,
              6.923732191776738
            ],
            [
              79.8494560038427,
              6.923740899016986
            ],
            [
              79.84967810734,
              6.923744160256472
            ],
            [
              79.8499002240511,
              6.923741973529374
            ],
            [
              79.85012222017352,
              6.923734340151707
            ],
            [
              79.85034396197739,
              6.923721264720534
            ],
            [
              79.85056531588599,
              6.923702755111194
            ],
            [
              79.85078614855625,
              6.923678822472559
            ],
            [
              79.8510063269591,
              6.923649481220333
            ],
            [
              79.85122571845956,
              6.923614749028355
            ],
            [
              79.85144419089677,
              6.923574646817957
            ],
            [
              79.85166161266348,
              6.923529198745369
            ],
            [
              79.85187785278545,
              6.923478432187156
            ],
            [
              79.8520927810003,
              6.923422377723739
            ],
            [
              79.85230626783603,
              6.923361069120963
            ],
            [
              79.852518184689,
              6.923294543309763
            ],
            [
              79.85272840390142,
              6.923222840363912
            ],
            [
              79.85293679883829,
              6.923146003475876
            ],
            [
              79.85314324396366,
              6.923064078930806
            ],
            [
              79.85334761491627,
              6.922977116078642
            ],
            [
              79.8535497885845,
              6.922885167304382
            ],
            [
              79.85374964318052,
              6.922788287996531
            ],
            [
              79.85394705831368,
              6.92268653651373
            ],
            [
              79.85414191506302,
              6.9225799741495955
            ],
            [
              79.85433409604894,
              6.922468665095782
            ],
            [
              79.85452348550392,
              6.922352676403337
            ],
            [
              79.85470996934224,
              6.922232077942281
            ],
            [
              79.8548934352287,
              6.92210694235952
            ],
            [
              79.85507377264642,
              6.921977345035083
            ],
            [
              79.85525087296323,
              6.9218433640367065
            ],
            [
              79.85542462949721,
              6.9217050800728
            ],
            [
              79.85559493758102,
              6.921562576443827
            ],
            [
              79.85576169462486,
              6.921415938992111
            ],
            [
              79.8559248001783,
              6.9212652560501295
            ],
            [
              79.8560841559908,
              6.921110618387289
            ],
            [
              79.85623966607089,
              6.920952119155242
            ],
            [
              79.85639123674405,
              6.920789853831773
            ],
            [
              79.856538776709,
              6.920623920163269
            ],
            [
              79.85668219709287,
              6.920454418105838
            ],
            [
              79.85682141150463,
              6.920281449765078
            ],
            [
              79.8569563360871,
              6.920105119334584
            ],
            [
              79.85708688956757,
              6.919925533033153
            ],
            [
              79.85721299330667,
              6.9197427990408125
            ],
            [
              79.85733457134582,
              6.919557027433629
            ],
            [
              79.8574515504528,
              6.9193683301174085
            ],
            [
              79.85756386016607,
              6.919176820760272
            ],
            [
              79.85767143283712,
              6.9189826147241735
            ],
            [
              79.8577742036712,
              6.918785828995402
            ],
            [
              79.85787211076632,
              6.918586582114118
            ],
            [
              79.85796509515059,
              6.918384994102917
            ],
            [
              79.85805310081773,
              6.9181811863945395
            ],
            [
              79.85813607476072,
              6.917975281758712
            ],
            [
              79.85821396700382,
              6.917767404228188
            ],
            [
              79.85828673063259,
              6.91755767902402
            ],
            [
              79.85835432182218,
              6.917346232480129
            ],
            [
              79.85841669986364,
              6.917133191967198
            ],
            [
              79.85847382718858,
              6.916918685815939
            ],
            [
              79.8585256693916,
              6.916702843239783
            ],
            [
              79.85857219525117,
              6.916485794257042
            ],
            [
              79.85861337674828,
              6.916267669612579
            ],
            [
              79.85864918908341,
              6.9160486006990585
            ],
            [
              79.85867961069138,
              6.915828719477775
            ],
            [
              79.85870462325438,
              6.915608158399178
            ],
            [
              79.85872421171291,
              6.91538705032307
            ],
            [
              79.85873836427494,
              6.915165528438579
            ],
            [
              79.85874707242289,
              6.91494372618392
            ],
            [
              79.85875033091881,
              6.914721777166022
            ]
          ]
        ]
      },
      "properties": {
        "zone_id": "Z2",
        "zone_name": "Kollupitiya",
        "key_venue": "Majestic City",
        "centroid_lat": 6.9147,
        "centroid_lon": 79.8497,
        "colour": "#457B9D",
        "radius_m": 1000
      }
    },
    {
      "type": "Feature",
      "geometry": {
        "type": "Polygon",
        "coordinates": [
          [
            [
              79.87635029894341,
              6.91012142850281
            ],
            [
              79.87634809727568,
              6.909899465122484
            ],
            [
              79.87634044535427,
              6.9096776225876555
            ],
            [
              79.87632734779608,
              6.909456034528947
            ],
            [
              79.87630881249832,
              6.9092348344235015
            ],
            [
              79.87628485063367,
              6.909014155514588
            ],
            [
              79.87625547664359,
              6.908794130731331
            ],
            [
              79.87622070822955,
              6.9085748926086445
            ],
            [
              79.87618056634238,
              6.908356573207389
            ],
            [
              79.87613507516961,
              6.908139304034832
            ],
            [
              79.8760842621209,
              6.907923215965439
            ],
            [
              79.87602815781153,
              6.907708439162012
            ],
            [
              79.87596679604387,
              6.907495102997324
            ],
            [
              79.87590021378706,
              6.907283335976164
            ],
            [
              79.87582845115476,
              6.907073265657941
            ],
            [
              79.87575155138084,
              6.906865018579853
            ],
            [
              79.87566956079345,
              6.906658720180665
            ],
            [
              79.87558252878708,
              6.906454494725151
            ],
            [
              79.8754905077927,
              6.906252465229255
            ],
            [
              79.87539355324625,
              6.906052753385986
            ],
            [
              79.87529172355521,
              6.90585547949212
            ],
            [
              79.8751850800634,
              6.905660762375749
            ],
            [
              79.87507368701402,
              6.905468719324705
            ],
            [
              79.87495761151094,
              6.90527946601591
            ],
            [
              79.87483692347826,
              6.9050931164457205
            ],
            [
              79.87471169561817,
              6.9049097828612505
            ],
            [
              79.87458200336718,
              6.904729575692766
            ],
            [
              79.87444792485067,
              6.904552603487183
            ],
            [
              79.87430954083574,
              6.904378972842686
            ],
            [
              79.87416693468268,
              6.904208788344521
            ],
            [
              79.87402019229464,
              6.9040421525020115
            ],
            [
              79.87386940206594,
              6.903879165686813
            ],
            [
              79.87371465482882,
              6.903719926072464
            ],
            [
              79.87355604379866,
              6.903564529575265
            ],
            [
              79.8733936645179,
              6.903413069796497
            ],
            [
              79.8732276147985,
              6.903265637966065
            ],
            [
              79.87305799466286,
              6.903122322887538
            ],
            [
              79.8728849062838,
              6.902983210884679
            ],
            [
              79.87270845392287,
              6.902848385749446
            ],
            [
              79.87252874386752,
              6.902717928691538
            ],
            [
              79.87234588436722,
              6.902591918289482
            ],
            [
              79.87215998556816,
              6.902470430443301
            ],
            [
              79.87197115944689,
              6.902353538328823
            ],
            [
              79.87177951974289,
              6.902241312353594
            ],
            [
              79.87158518189014,
              6.902133820114489
            ],
            [
              79.87138826294749,
              6.902031126356998
            ],
            [
              79.8711888815282,
              6.9019332929362305
            ],
            [
              79.8709871577285,
              6.901840378779673
            ],
            [
              79.87078321305528,
              6.901752439851707
            ],
            [
              79.87057717035283,
              6.901669529119883
            ],
            [
              79.87036915372897,
              6.901591696523057
            ],
            [
              79.8701592884802,
              6.901518988941286
            ],
            [
              79.86994770101623,
              6.901451450167619
            ],
            [
              79.86973451878403,
              6.901389120881721
            ],
            [
              79.86951987019079,
              6.901332038625364
            ],
            [
              79.86930388452684,
              6.901280237779838
            ],
            [
              79.86908669188766,
              6.901233749545242
            ],
            [
              79.86886842309548,
              6.901192601921687
            ],
            [
              79.86864920962067,
              6.901156819692451
            ],
            [
              79.86842918350239,
              6.901126424409048
            ],
            [
              79.86820847726914,
              6.901101434378256
            ],
            [
              79.86798722385896,
              6.901081864651089
            ],
            [
              79.86776555653937,
              6.901067727013744
            ],
            [
              79.86754360882706,
              6.901059029980498
            ],
            [
              79.86732151440755,
              6.901055778788587
            ],
            [
              79.86709940705464,
              6.901057975395059
            ],
            [
              79.86687742054984,
              6.901065618475591
            ],
            [
              79.86665568860185,
              6.901078703425294
            ],
            [
              79.86643434476599,
              6.901097222361487
            ],
            [
              79.8662135223638,
              6.901121164128451
            ],
            [
              79.86599335440272,
              6.901150514304144
            ],
            [
              79.86577397349605,
              6.901185255208893
            ],
            [
              79.86555551178297,
              6.90122536591605
            ],
            [
              79.86533810084913,
              6.901270822264582
            ],
            [
              79.86512187164725,
              6.9013215968736406
            ],
            [
              79.86490695441833,
              6.9013776591590466
            ],
            [
              79.86469347861325,
              6.901438975351711
            ],
            [
              79.86448157281474,
              6.901505508517975
            ],
            [
              79.86427136465991,
              6.901577218581857
            ],
            [
              79.86406298076356,
              6.901654062349193
            ],
            [
              79.86385654664176,
              6.901735993533641
            ],
            [
              79.86365218663626,
              6.901822962784573
            ],
            [
              79.86345002383975,
              6.90191491771679
            ],
            [
              79.86325018002157,
              6.902011802942073
            ],
            [
              79.86305277555446,
              6.902113560102536
            ],
            [
              79.8628579293421,
              6.902220127905788
            ],
            [
              79.86266575874737,
              6.902331442161841
            ],
            [
              79.8624763795218,
              6.9024474358217605
            ],
            [
              79.86228990573574,
              6.902568039018063
            ],
            [
              79.86210644970981,
              6.902693179106782
            ],
            [
              79.8619261219471,
              6.902822780711226
            ],
            [
              79.86174903106672,
              6.902956765767375
            ],
            [
              79.8615752837383,
              6.903095053570888
            ],
            [
              79.8614049846178,
              6.903237560825723
            ],
            [
              79.86123823628452,
              6.903384201694287
            ],
            [
              79.86107513917918,
              6.903534887849147
            ],
            [
              79.8609157915435,
              6.903689528526218
            ],
            [
              79.86076028936112,
              6.903848030579434
            ],
            [
              79.8606087262996,
              6.904010298536833
            ],
            [
              79.86046119365416,
              6.904176234658079
            ],
            [
              79.86031778029258,
              6.9043457389933085
            ],
            [
              79.86017857260174,
              6.904518709443332
            ],
            [
              79.86004365443559,
              6.904695041821132
            ],
            [
              79.85991310706453,
              6.904874629914609
            ],
            [
              79.85978700912658,
              6.905057365550542
            ],
            [
              79.85966543658,
              6.905243138659753
            ],
            [
              79.85954846265741,
              6.9054318373433885
            ],
            [
              79.85943615782182,
              6.905623347940312
            ],
            [
              79.8593285897241,
              6.905817555095569
            ],
            [
              79.85922582316222,
              6.906014341829863
            ],
            [
              79.85912792004225,
              6.90621358961
            ],
            [
              79.85903493934103,
              6.906415178420286
            ],
            [
              79.85894693707066,
              6.906618986834808
            ],
            [
              79.85886396624471,
              6.906824892090578
            ],
            [
              79.85878607684637,
              6.907032770161456
            ],
            [
              79.85871331579821,
              6.907242495832863
            ],
            [
              79.85864572693399,
              6.90745394277719
            ],
            [
              79.85858335097215,
              6.90766698362989
            ],
            [
              79.85852622549142,
              6.907881490066187
            ],
            [
              79.85847438490805,
              6.908097332878369
            ],
            [
              79.85842786045508,
              6.908314382053606
            ],
            [
              79.85838668016355,
              6.908532506852266
            ],
            [
              79.85835086884556,
              6.908751575886647
            ],
            [
              79.85832044807937,
              6.908971457200138
            ],
            [
              79.85829543619627,
              6.909192018346673
            ],
            [
              79.85827584826967,
              6.909413126470524
            ],
            [
              79.85826169610588,
              6.9096346483863105
            ],
            [
              79.85825298823704,
              6.909856450659231
            ],
            [
              79.85824972991594,
              6.9100783996854345
            ],
            [
              79.85825192311289,
              6.910300361772486
            ],
            [
              79.85825956651442,
              6.910522203219904
            ],
            [
              79.85827265552413,
              6.910743790399686
            ],
            [
              79.85829118226542,
              6.910964989836804
            ],
            [
              79.8583151355862,
              6.911185668289606
            ],
            [
              79.85834450106562,
              6.91140569283006
            ],
            [
              79.85837926102269,
              6.911624930923841
            ],
            [
              79.85841939452696,
              6.911843250510157
            ],
            [
              79.85846487741111,
              6.912060520081289
            ],
            [
              79.85851568228541,
              6.91227660876182
            ],
            [
              79.85857177855434,
              6.9124913863874715
            ],
            [
              79.85863313243485,
              6.912704723583488
            ],
            [
              79.8586997069768,
              6.9129164918426005
            ],
            [
              79.85877146208514,
              6.9131265636024155
            ],
            [
              79.8588483545441,
              6.91333481232226
            ],
            [
              79.85893033804315,
              6.913541112559416
            ],
            [
              79.85901736320491,
              6.913745340044679
            ],
            [
              79.8591093776149,
              6.91394737175722
            ],
            [
              79.85920632585301,
              6.914147085998687
            ],
            [
              79.85930814952697,
              6.914344362466528
            ],
            [
              79.85941478730744,
              6.914539082326447
            ],
            [
              79.859526174965,
              6.914731128284006
            ],
            [
              79.85964224540878,
              6.914920384655277
            ],
            [
              79.85976292872685,
              6.915106737436531
            ],
            [
              79.85988815222836,
              6.915290074372916
            ],
            [
              79.86001784048733,
              6.915470285026089
            ],
            [
              79.86015191538802,
              6.915647260840742
            ],
            [
              79.86029029617198,
              6.91582089520999
            ],
            [
              79.86043289948674,
              6.915991083539622
            ],
            [
              79.86057963943597,
              6.91615772331108
            ],
            [
              79.86073042763124,
              6.916320714143241
            ],
            [
              79.86088517324522,
              6.9164799578528955
            ],
            [
              79.8610437830664,
              6.916635358513871
            ],
            [
              79.86120616155527,
              6.916786822514858
            ],
            [
              79.86137221090183,
              6.916934258615782
            ],
            [
              79.86154183108451,
              6.9170775780027824
            ],
            [
              79.86171491993038,
              6.917216694341718
            ],
            [
              79.86189137317683,
              6.917351523830185
            ],
            [
              79.86207108453418,
              6.9174819852479965
            ],
            [
              79.86225394574988,
              6.917608000006125
            ],
            [
              79.86243984667364,
              6.9177294921940495
            ],
            [
              79.86262867532376,
              6.917846388625485
            ],
            [
              79.86282031795461,
              6.917958618882482
            ],
            [
              79.86301465912526,
              6.918066115357855
            ],
            [
              79.8632115817688,
              6.918168813295907
            ],
            [
              79.86341096726306,
              6.9182666508314545
            ],
            [
              79.86361269550201,
              6.918359569027099
            ],
            [
              79.86381664496808,
              6.918447511908733
            ],
            [
              79.86402269280538,
              6.918530426499274
            ],
            [
              79.86423071489378,
              6.918608262850578
            ],
            [
              79.8644405859236,
              6.918680974073538
            ],
            [
              79.86465217947115,
              6.91874851636633
            ],
            [
              79.86486536807489,
              6.9188108490408196
            ],
            [
              79.8650800233122,
              6.918867934547063
            ],
            [
              79.86529601587681,
              6.918919738495947
            ],
            [
              79.86551321565658,
              6.918966229679897
            ],
            [
              79.86573149181207,
              6.919007380091692
            ],
            [
              79.86595071285518,
              6.919043164941337
            ],
            [
              79.86617074672856,
              6.919073562671007
            ],
            [
              79.86639146088497,
              6.9190985549680315
            ],
            [
              79.86661272236728,
              6.919118126775937
            ],
            [
              79.86683439788857,
              6.919132266303515
            ],
            [
              79.86705635391236,
              6.91914096503193
            ],
            [
              79.86727845673312,
              6.919144217719865
            ],
            [
              79.86750057255679,
              6.919142022406667
            ],
            [
              79.8677225675815,
              6.919134380413546
            ],
            [
              79.86794430807797,
              6.9191212963427695
            ],
            [
              79.8681656604703,
              6.919102778074901
            ],
            [
              79.86838649141636,
              6.91907883676405
            ],
            [
              79.86860666788809,
              6.919049486831159
            ],
            [
              79.86882605725175,
              6.919014745955317
            ],
            [
              79.86904452734771,
              6.918974635063102
            ],
            [
              79.86926194657018,
              6.918929178315991
            ],
            [
              79.86947818394644,
              6.918878403095795
            ],
            [
              79.8696931092158,
              6.918822339988165
            ],
            [
              79.86990659290805,
              6.918761022764173
            ],
            [
              79.87011850642143,
              6.918694488359957
            ],
            [
              79.87032872210021,
              6.918622776854483
            ],
            [
              79.87053711331151,
              6.918545931445391
            ],
            [
              79.87074355452167,
              6.918463998422974
            ],
            [
              79.87094792137175,
              6.918377027142289
            ],
            [
              79.87115009075269,
              6.918285069993429
            ],
            [
              79.8713499408792,
              6.918188182369951
            ],
            [
              79.87154735136339,
              6.918086422635512
            ],
            [
              79.87174220328708,
              6.91797985208871
            ],
            [
              79.87193437927363,
              6.917868534926144
            ],
            [
              79.87212376355852,
              6.917752538203745
            ],
            [
              79.87231024205917,
              6.917631931796377
            ],
            [
              79.87249370244368,
              6.917506788355746
            ],
            [
              79.87267403419838,
              6.917377183266612
            ],
            [
              79.87285112869462,
              6.917243194601397
            ],
            [
              79.87302487925402,
              6.91710490307313
            ],
            [
              79.8731951812128,
              6.9169623919868295
            ],
            [
              79.87336193198489,
              6.916815747189317
            ],
            [
              79.87352503112368,
              6.916665057017493
            ],
            [
              79.87368438038249,
              6.916510412245117
            ],
            [
              79.87383988377384,
              6.916351906028125
            ],
            [
              79.87399144762722,
              6.916189633848503
            ],
            [
              79.87413898064554,
              6.916023693456767
            ],
            [
              79.87428239396007,
              6.915854184813065
            ],
            [
              79.87442160118408,
              6.915681210026964
            ],
            [
              79.87455651846476,
              6.915504873295928
            ],
            [
              79.8746870645338,
              6.9153252808425485
            ],
            [
              79.8748131607563,
              6.915142540850545
            ],
            [
              79.87493473117821,
              6.914956763399589
            ],
            [
              79.87505170257198,
              6.914768060398998
            ],
            [
              79.87516400448068,
              6.9145765455203065
            ],
            [
              79.87527156926052,
              6.91438233412878
            ],
            [
              79.87537433212152,
              6.914185543213926
            ],
            [
              79.87547223116653,
              6.913986291319008
            ],
            [
              79.8755652074285,
              6.913784698469636
            ],
            [
              79.87565320490602,
              6.913580886101447
            ],
            [
              79.87573617059708,
              6.913374976986958
            ],
            [
              79.87581405453088,
              6.913167095161605
            ],
            [
              79.87588680979802,
              6.912957365849009
            ],
            [
              79.87595439257865,
              6.912745915385556
            ],
            [
              79.87601676216896,
              6.912532871144264
            ],
            [
              79.8760738810056,
              6.9123183614580785
            ],
            [
              79.87612571468833,
              6.912102515542539
            ],
            [
              79.8761722320007,
              6.911885463417952
            ],
            [
              79.87621340492892,
              6.911667335831054
            ],
            [
              79.87624920867859,
              6.9114482641762605
            ],
            [
              79.8762796216897,
              6.911228380416501
            ],
            [
              79.87630462564964,
              6.911007817003734
            ],
            [
              79.8763242055041,
              6.910786706799146
            ],
            [
              79.8763383494662,
              6.910565182993128
            ],
            [
              79.87634704902355,
              6.910343379025038
            ],
            [
              79.87635029894341,
              6.91012142850281
            ]
          ]
        ]
      },
      "properties": {
        "zone_id": "Z3",
        "zone_name": "Borella",
        "key_venue": "National Hospital / BMICH",
        "centroid_lat": 6.9101,
        "centroid_lon": 79.8673,
        "colour": "#2A9D8F",
        "radius_m": 1000
      }
    },
    {
      "type": "Feature",
      "geometry": {
        "type": "Polygon",
        "coordinates": [
          [
            [
              79.87045021198004,
              6.906521529389381
            ],
            [
              79.87044801281307,
              6.90629956639764
            ],
            [
              79.87044036344312,
              6.9060777241903715
            ],
            [
              79.8704272684856,
              6.905856136398009
            ],
            [
              79.87040873583611,
              6.90563493649754
            ],
            [
              79.87038477666579,
              6.905414257732117
            ],
            [
              79.87035540541444,
              6.905194233030784
            ],
            [
              79.87032063978188,
              6.904974994928413
            ],
            [
              79.87028050071726,
              6.904756675485861
            ],
            [
              79.87023501240643,
              6.9045394062104295
            ],
            [
              79.87018420225729,
              6.904323317976644
            ],
            [
              79.87012810088339,
              6.904108540947423
            ],
            [
              79.87006674208534,
              6.903895204495674
            ],
            [
              79.87000016283051,
              6.903683437126367
            ],
            [
              79.86992840323067,
              6.903473366399129
            ],
            [
              79.86985150651795,
              6.903265118851409
            ],
            [
              79.86976951901865,
              6.903058819922265
            ],
            [
              79.86968249012534,
              6.902854593876793
            ],
            [
              79.86959047226716,
              6.902652563731301
            ],
            [
              79.86949352087817,
              6.902452851179191
            ],
            [
              79.86939169436393,
              6.902255576517674
            ],
            [
              79.86928505406637,
              6.902060858575311
            ],
            [
              79.86917366422676,
              6.901868814640434
            ],
            [
              79.86905759194703,
              6.901679560390504
            ],
            [
              79.86893690714936,
              6.90149320982245
            ],
            [
              79.86881168253397,
              6.901309875183989
            ],
            [
              79.86868199353546,
              6.9011296669060265
            ],
            [
              79.8685479182772,
              6.900952693536154
            ],
            [
              79.86840953752439,
              6.900779061673259
            ],
            [
              79.86826693463533,
              6.900608875903325
            ],
            [
              79.86812019551122,
              6.900442238736443
            ],
            [
              79.86796940854441,
              6.90027925054507
            ],
            [
              79.86781466456519,
              6.90012000950358
            ],
            [
              79.86765605678697,
              6.8999646115291275
            ],
            [
              79.86749368075029,
              6.899813150223891
            ],
            [
              79.86732763426505,
              6.899665716818696
            ],
            [
              79.86715801735184,
              6.89952240011806
            ],
            [
              79.86698493218147,
              6.899383286446722
            ],
            [
              79.86680848301357,
              6.899248459597651
            ],
            [
              79.86662877613371,
              6.899118000781573
            ],
            [
              79.86644591978941,
              6.898991988578073
            ],
            [
              79.866260024125,
              6.898870498888267
            ],
            [
              79.8660712011151,
              6.898753604889084
            ],
            [
              79.8658795644974,
              6.898641376989209
            ],
            [
              79.86568522970397,
              6.898533882786675
            ],
            [
              79.86548831379184,
              6.898431187028149
            ],
            [
              79.86528893537248,
              6.898333351569945
            ],
            [
              79.8650872145403,
              6.898240435340779
            ],
            [
              79.86488327280037,
              6.898152494306271
            ],
            [
              79.8646772329953,
              6.898069581435245
            ],
            [
              79.8644692192311,
              6.897991746667832
            ],
            [
              79.86425935680258,
              6.897919036885405
            ],
            [
              79.8640477721178,
              6.897851495882327
            ],
            [
              79.86383459262198,
              6.897789164339602
            ],
            [
              79.86361994672076,
              6.8977320798003605
            ],
            [
              79.8634039637028,
              6.89768027664726
            ],
            [
              79.86318677366197,
              6.8976337860817845
            ],
            [
              79.862968507419,
              6.897592636105444
            ],
            [
              79.8627492964427,
              6.89755685150293
            ],
            [
              79.86252927277074,
              6.8975264538271785
            ],
            [
              79.86230856893015,
              6.897501461386404
            ],
            [
              79.86208731785754,
              6.897481889233068
            ],
            [
              79.861865652819,
              6.897467749154818
            ],
            [
              79.86164370732988,
              6.8974590496673995
            ],
            [
              79.86142161507436,
              6.897455796009519
            ],
            [
              79.86119950982493,
              6.897457990139701
            ],
            [
              79.86097752536185,
              6.8974656307351125
            ],
            [
              79.86075579539259,
              6.897478713192351
            ],
            [
              79.86053445347127,
              6.89749722963023
            ],
            [
              79.86031363291829,
              6.89752116889453
            ],
            [
              79.86009346674,
              6.89755051656471
            ],
            [
              79.85987408754856,
              6.897585254962601
            ],
            [
              79.85965562748221,
              6.897625363163052
            ],
            [
              79.85943821812555,
              6.897670817006538
            ],
            [
              79.85922199043034,
              6.897721589113713
            ],
            [
              79.85900707463674,
              6.8977776489018945
            ],
            [
              79.85879360019469,
              6.897838962603494
            ],
            [
              79.85858169568613,
              6.897905493286347
            ],
            [
              79.85837148874744,
              6.89797720087596
            ],
            [
              79.8581631059926,
              6.898054042179654
            ],
            [
              79.85795667293704,
              6.8981359709125645
            ],
            [
              79.85775231392186,
              6.898222937725534
            ],
            [
              79.85755015203915,
              6.898314890234825
            ],
            [
              79.85735030905771,
              6.898411773053669
            ],
            [
              79.85715290534976,
              6.898513527825633
            ],
            [
              79.85695805981852,
              6.898620093259752
            ],
            [
              79.85676588982646,
              6.898731405167461
            ],
            [
              79.85657651112471,
              6.89884739650124
            ],
            [
              79.85639003778338,
              6.898967997394996
            ],
            [
              79.85620658212274,
              6.899093135206146
            ],
            [
              79.8560262546457,
              6.899222734559366
            ],
            [
              79.85584916397114,
              6.89935671739199
            ],
            [
              79.85567541676863,
              6.899495003001014
            ],
            [
              79.85550511769402,
              6.899637508091709
            ],
            [
              79.85533836932656,
              6.899784146827789
            ],
            [
              79.85517527210699,
              6.899934830883099
            ],
            [
              79.85501592427713,
              6.9000894694948185
            ],
            [
              79.85486042182067,
              6.900247969518118
            ],
            [
              79.85470885840539,
              6.900410235482265
            ],
            [
              79.85456132532666,
              6.900576169648115
            ],
            [
              79.85441791145253,
              6.900745672066984
            ],
            [
              79.85427870317021,
              6.9009186406408345
            ],
            [
              79.85414378433396,
              6.901094971183784
            ],
            [
              79.8540132362146,
              6.901274557484831
            ],
            [
              79.85388713745061,
              6.901457291371838
            ],
            [
              79.8537655640007,
              6.901643062776682
            ],
            [
              79.85364858909806,
              6.9018317598015315
            ],
            [
              79.85353628320627,
              6.902023268786256
            ],
            [
              79.8534287139768,
              6.902217474376875
            ],
            [
              79.85332594620833,
              6.902414259595033
            ],
            [
              79.85322804180764,
              6.902613505908447
            ],
            [
              79.85313505975233,
              6.9028150933023165
            ],
            [
              79.85304705605532,
              6.903018900351583
            ],
            [
              79.85296408373102,
              6.903224804294078
            ],
            [
              79.85288619276352,
              6.903432681104464
            ],
            [
              79.85281343007632,
              6.903642405568919
            ],
            [
              79.85274583950414,
              6.903853851360569
            ],
            [
              79.8526834617665,
              6.904066891115564
            ],
            [
              79.85262633444316,
              6.904281396509793
            ],
            [
              79.85257449195146,
              6.904497238336176
            ],
            [
              79.8525279655256,
              6.904714286582482
            ],
            [
              79.85248678319779,
              6.904932410509645
            ],
            [
              79.85245096978136,
              6.905151478730494
            ],
            [
              79.85242054685583,
              6.90537135928891
            ],
            [
              79.85239553275379,
              6.905591919739291
            ],
            [
              79.85237594254994,
              6.9058130272263325
            ],
            [
              79.85236178805201,
              6.906034548565044
            ],
            [
              79.85235307779351,
              6.906256350320979
            ],
            [
              79.8523498170287,
              6.9064782988906055
            ],
            [
              79.8523520077293,
              6.906700260581766
            ],
            [
              79.85235964858337,
              6.906922101694225
            ],
            [
              79.85237273499605,
              6.907143688600191
            ],
            [
              79.8523912590923,
              6.907364887824809
            ],
            [
              79.85241520972161,
              6.9075855661265555
            ],
            [
              79.85244457246476,
              6.907805590577502
            ],
            [
              79.85247932964238,
              6.908024828643382
            ],
            [
              79.85251946032574,
              6.908243148263424
            ],
            [
              79.85256494034917,
              6.908460417929901
            ],
            [
              79.85261574232469,
              6.908676506767345
            ],
            [
              79.8526718356585,
              6.908891284611384
            ],
            [
              79.85273318656934,
              6.9091046220871455
            ],
            [
              79.85279975810884,
              6.909316390687193
            ],
            [
              79.85287151018379,
              6.909526462848934
            ],
            [
              79.85294839958023,
              6.909734712031464
            ],
            [
              79.85303037998948,
              6.909941012791791
            ],
            [
              79.853117402036,
              6.9101452408604
            ],
            [
              79.85320941330721,
              6.910347273216118
            ],
            [
              79.85330635838488,
              6.910546988160208
            ],
            [
              79.85340817887868,
              6.910744265389704
            ],
            [
              79.85351481346117,
              6.910938986069858
            ],
            [
              79.85362619790483,
              6.911131032905739
            ],
            [
              79.85374226512077,
              6.911320290212897
            ],
            [
              79.85386294519898,
              6.9115066439870425
            ],
            [
              79.8539881654506,
              6.911689981972731
            ],
            [
              79.85411785045157,
              6.911870193730994
            ],
            [
              79.85425192208812,
              6.912047170705855
            ],
            [
              79.85439029960382,
              6.9122208062897466
            ],
            [
              79.85453289964813,
              6.912390995887713
            ],
            [
              79.85467963632674,
              6.9125576369804485
            ],
            [
              79.85483042125314,
              6.912720629186033
            ],
            [
              79.854985163602,
              6.912879874320426
            ],
            [
              79.85514377016378,
              6.91303527645661
            ],
            [
              79.85530614540096,
              6.913186741982381
            ],
            [
              79.85547219150548,
              6.913334179656748
            ],
            [
              79.85564180845773,
              6.913477500664907
            ],
            [
              79.85581489408678,
              6.913616618671739
            ],
            [
              79.8559913441319,
              6.913751449873837
            ],
            [
              79.85617105230537,
              6.913881913049981
            ],
            [
              79.85635391035659,
              6.9140079296100865
            ],
            [
              79.85653980813716,
              6.914129423642544
            ],
            [
              79.85672863366726,
              6.914246321959956
            ],
            [
              79.85692027320322,
              6.91435855414324
            ],
            [
              79.85711461130587,
              6.914466052584043
            ],
            [
              79.85731153091025,
              6.914568752525487
            ],
            [
              79.85751091339601,
              6.91466659210118
            ],
            [
              79.85771263865892,
              6.914759512372488
            ],
            [
              79.8579165851832,
              6.9148474573640515
            ],
            [
              79.85812263011479,
              6.914930374097516
            ],
            [
              79.85833064933527,
              6.915008212623442
            ],
            [
              79.85854051753671,
              6.915080926051409
            ],
            [
              79.85875210829714,
              6.915148470578263
            ],
            [
              79.85896529415669,
              6.915210805514516
            ],
            [
              79.85917994669441,
              6.915267893308861
            ],
            [
              79.85939593660564,
              6.915319699570797
            ],
            [
              79.8596131337799,
              6.915366193091356
            ],
            [
              79.85983140737927,
              6.9154073458619
            ],
            [
              79.86005062591725,
              6.9154431330910136
            ],
            [
              79.86027065733794,
              6.91547353321943
            ],
            [
              79.86049136909561,
              6.915498527933029
            ],
            [
              79.86071262823462,
              6.91551810217387
            ],
            [
              79.86093430146941,
              6.915532244149275
            ],
            [
              79.86115625526492,
              6.915540945338935
            ],
            [
              79.86137835591693,
              6.915544200500036
            ],
            [
              79.86160046963273,
              6.915542007670433
            ],
            [
              79.86182246261168,
              6.915534368169829
            ],
            [
              79.8620442011258,
              6.915521286598989
            ],
            [
              79.86226555160033,
              6.9155027708369605
            ],
            [
              79.86248638069434,
              6.915478832036336
            ],
            [
              79.86270655538085,
              6.915449484616542
            ],
            [
              79.86292594302721,
              6.915414746255145
            ],
            [
              79.86314441147483,
              6.9153746378772025
            ],
            [
              79.86336182911892,
              6.915329183642672
            ],
            [
              79.8635780649877,
              6.915278410931838
            ],
            [
              79.86379298882142,
              6.915222350328838
            ],
            [
              79.86400647115066,
              6.9151610356032265
            ],
            [
              79.86421838337456,
              6.915094503689634
            ],
            [
              79.86442859783814,
              6.915022794665514
            ],
            [
              79.86463698790926,
              6.91494595172701
            ],
            [
              79.86484342805488,
              6.914864021162917
            ],
            [
              79.86504779391683,
              6.914777052326808
            ],
            [
              79.86524996238651,
              6.914685097607296
            ],
            [
              79.86544981167927,
              6.91458821239647
            ],
            [
              79.86564722140766,
              6.914486455056528
            ],
            [
              79.86584207265399,
              6.914379886884618
            ],
            [
              79.866034248042,
              6.914268572075904
            ],
            [
              79.86622363180753,
              6.914152577684897
            ],
            [
              79.86641010986834,
              6.91403197358505
            ],
            [
              79.86659356989273,
              6.913906832426672
            ],
            [
              79.86677390136732,
              6.913777229593149
            ],
            [
              79.86695099566356,
              6.9136432431555335
            ],
            [
              79.86712474610319,
              6.913504953825517
            ],
            [
              79.86729504802253,
              6.913362444906786
            ],
            [
              79.86746179883552,
              6.913215802244856
            ],
            [
              79.8676248980955,
              6.913065114175333
            ],
            [
              79.86778424755573,
              6.9129104714707115
            ],
            [
              79.86793975122859,
              6.912751967285679
            ],
            [
              79.86809131544341,
              6.912589697100998
            ],
            [
              79.86823884890285,
              6.912423758665978
            ],
            [
              79.86838226273794,
              6.912254251939588
            ],
            [
              79.86852147056157,
              6.912081279030239
            ],
            [
              79.86865638852063,
              6.911904944134266
            ],
            [
              79.86878693534635,
              6.911725353473152
            ],
            [
              79.86891303240341,
              6.911542615229538
            ],
            [
              79.86903460373719,
              6.911356839482046
            ],
            [
              79.86915157611962,
              6.911168138138964
            ],
            [
              79.86926387909317,
              6.91097662487083
            ],
            [
              79.86937144501339,
              6.910782415041942
            ],
            [
              79.8694742090896,
              6.910585625640869
            ],
            [
              79.86957210942391,
              6.910386375209964
            ],
            [
              79.86966508704849,
              6.910184783773954
            ],
            [
              79.86975308596114,
              6.909980972767631
            ],
            [
              79.86983605315892,
              6.909775064962697
            ],
            [
              79.86991393867015,
              6.909567184393797
            ],
            [
              79.86998669558443,
              6.909357456283805
            ],
            [
              79.87005428008096,
              6.909146006968378
            ],
            [
              79.87011665145485,
              6.908932963819856
            ],
            [
              79.87017377214171,
              6.908718455170524
            ],
            [
              79.87022560774014,
              6.908502610235305
            ],
            [
              79.87027212703256,
              6.908285559033917
            ],
            [
              79.87031330200395,
              6.90806743231255
            ],
            [
              79.8703491078587,
              6.907848361465101
            ],
            [
              79.87037952303552,
              6.907628478454019
            ],
            [
              79.87040452922048,
              6.907407915730815
            ],
            [
              79.87042411135793,
              6.907186806156271
            ],
            [
              79.8704382576596,
              6.906965282920402
            ],
            [
              79.87044695961171,
              6.906743479462227
            ],
            [
              79.87045021198004,
              6.906521529389381
            ]
          ]
        ]
      },
      "properties": {
        "zone_id": "Z4",
        "zone_name": "Maitland Crescent",
        "key_venue": "SSC Cricket Ground",
        "centroid_lat": 6.9065,
        "centroid_lon": 79.8614,
        "colour": "#E9C46A",
        "radius_m": 1000
      }
    },
    {
      "type": "Feature",
      "geometry": {
        "type": "Polygon",
        "coordinates": [
          [
            [
              79.8635499566273,
              6.894221621987394
            ],
            [
              79.86354775980101,
              6.893999659385721
            ],
            [
              79.86354011292399,
              6.893777817512427
            ],
            [
              79.8635270206101,
              6.89355622999775
            ],
            [
              79.8635084907534,
              6.893335030318521
            ],
            [
              79.86348453452327,
              6.893114351717765
            ],
            [
              79.86345516635772,
              6.89289432712444
            ],
            [
              79.86342040395475,
              6.892675089073357
            ],
            [
              79.86338026826152,
              6.892456769625355
            ],
            [
              79.86333478346185,
              6.892239500287746
            ],
            [
              79.86328397696153,
              6.8920234119351065
            ],
            [
              79.86322787937188,
              6.891808634730431
            ],
            [
              79.86316652449122,
              6.891595298046747
            ],
            [
              79.86309994928456,
              6.891383530389171
            ],
            [
              79.86302819386125,
              6.8911734593175185
            ],
            [
              79.86295130145086,
              6.890965211369453
            ],
            [
              79.86286931837711,
              6.890758911984283
            ],
            [
              79.8627822940299,
              6.890554685427391
            ],
            [
              79.86269028083564,
              6.8903526547154
            ],
            [
              79.86259333422552,
              6.890152941542069
            ],
            [
              79.8624915126023,
              6.8899556662049894
            ],
            [
              79.8623848773049,
              6.88976094753314
            ],
            [
              79.86227349257163,
              6.889568902815302
            ],
            [
              79.8621574255013,
              6.889379647729419
            ],
            [
              79.86203674601295,
              6.8891932962729285
            ],
            [
              79.86191152680364,
              6.889009960694096
            ],
            [
              79.86178184330467,
              6.888829751424406
            ],
            [
              79.86164777363615,
              6.888652777012049
            ],
            [
              79.86150939855987,
              6.888479144056551
            ],
            [
              79.86136680143076,
              6.888308957144562
            ],
            [
              79.86122006814652,
              6.888142318786873
            ],
            [
              79.86106928709603,
              6.887979329356662
            ],
            [
              79.86091454910594,
              6.887820087029052
            ],
            [
              79.86075594738617,
              6.8876646877219905
            ],
            [
              79.86059357747351,
              6.8875132250384565
            ],
            [
              79.86042753717427,
              6.887365790210114
            ],
            [
              79.86025792650528,
              6.8872224720423425
            ],
            [
              79.86008484763359,
              6.887083356860773
            ],
            [
              79.85990840481507,
              6.886948528459288
            ],
            [
              79.85972870433147,
              6.886818068049554
            ],
            [
              79.85954585442647,
              6.886692054212121
            ],
            [
              79.8593599652405,
              6.886570562849085
            ],
            [
              79.85917114874435,
              6.8864536671383965
            ],
            [
              79.85897951867176,
              6.886341437489768
            ],
            [
              79.85878519045087,
              6.886233941502287
            ],
            [
              79.8585882811348,
              6.8861312439237
            ],
            [
              79.85838890933101,
              6.8860334066114195
            ],
            [
              79.85818719512996,
              6.885940488495276
            ],
            [
              79.85798326003278,
              6.885852545542029
            ],
            [
              79.85777722687803,
              6.885769630721654
            ],
            [
              79.85756921976777,
              6.885691793975461
            ],
            [
              79.8573593639928,
              6.885619082186008
            ],
            [
              79.8571477859572,
              6.885551539148868
            ],
            [
              79.8569346131022,
              6.885489205546269
            ],
            [
              79.85671997382944,
              6.8854321189225764
            ],
            [
              79.85650399742362,
              6.885380313661702
            ],
            [
              79.85628681397465,
              6.885333820966394
            ],
            [
              79.85606855429928,
              6.885292668839443
            ],
            [
              79.8558493498624,
              6.885256882066831
            ],
            [
              79.85562933269773,
              6.885226482202795
            ],
            [
              79.85540863532842,
              6.885201487556863
            ],
            [
              79.85518739068719,
              6.885181913182817
            ],
            [
              79.85496573203629,
              6.885167770869638
            ],
            [
              79.85474379288722,
              6.885159069134411
            ],
            [
              79.85452170692035,
              6.885155813217188
            ],
            [
              79.85429960790438,
              6.885158005077849
            ],
            [
              79.85407762961587,
              6.885165643394916
            ],
            [
              79.85385590575856,
              6.885178723566355
            ],
            [
              79.85363456988291,
              6.885197237712348
            ],
            [
              79.85341375530568,
              6.885221174680044
            ],
            [
              79.85319359502965,
              6.8852505200502785
            ],
            [
              79.85297422166342,
              6.885285256146258
            ],
            [
              79.85275576734173,
              6.885325362044209
            ],
            [
              79.85253836364572,
              6.885370813585987
            ],
            [
              79.85232214152381,
              6.885421583393618
            ],
            [
              79.85210723121274,
              6.885477640885798
            ],
            [
              79.85189376215921,
              6.885538952296308
            ],
            [
              79.85168186294187,
              6.885605480694358
            ],
            [
              79.85147166119394,
              6.885677186006818
            ],
            [
              79.85126328352632,
              6.88575402504237
            ],
            [
              79.8510568554513,
              6.885835951517507
            ],
            [
              79.85085250130709,
              6.88592291608442
            ],
            [
              79.85065034418275,
              6.886014866360712
            ],
            [
              79.85045050584426,
              6.8861117469609585
            ],
            [
              79.85025310666107,
              6.886213499530041
            ],
            [
              79.85005826553363,
              6.8863200627783225
            ],
            [
              79.84986609982178,
              6.886431372518539
            ],
            [
              79.84967672527408,
              6.886547361704462
            ],
            [
              79.84949025595813,
              6.886667960471294
            ],
            [
              79.84930680419176,
              6.886793096177715
            ],
            [
              79.84912648047555,
              6.886922693449662
            ],
            [
              79.84894939342612,
              6.887056674225716
            ],
            [
              79.84877564971082,
              6.887194957804102
            ],
            [
              79.84860535398343,
              6.887337460891305
            ],
            [
              79.84843860882114,
              6.887484097652238
            ],
            [
              79.84827551466279,
              6.88763477976193
            ],
            [
              79.84811616974832,
              6.8877894164587214
            ],
            [
              79.8479606700597,
              6.887947914598933
            ],
            [
              79.84780910926298,
              6.8881101787129575
            ],
            [
              79.84766157865198,
              6.888276111062761
            ],
            [
              79.84751816709327,
              6.888445611700745
            ],
            [
              79.84737896097259,
              6.888618578529944
            ],
            [
              79.84724404414294,
              6.888794907365516
            ],
            [
              79.84711349787393,
              6.8889744919974865
            ],
            [
              79.84698740080287,
              6.889157224254718
            ],
            [
              79.84686582888746,
              6.8893429940700655
            ],
            [
              79.84674885535996,
              6.889531689546655
            ],
            [
              79.8466365506831,
              6.889723197025283
            ],
            [
              79.8465289825076,
              6.889917401152874
            ],
            [
              79.84642621563151,
              6.890114184951951
            ],
            [
              79.84632831196103,
              6.89031342989109
            ],
            [
              79.84623533047333,
              6.8905150159563116
            ],
            [
              79.84614732718096,
              6.890718821723362
            ],
            [
              79.84606435509808,
              6.890924724430843
            ],
            [
              79.84598646420861,
              6.891132600054162
            ],
            [
              79.845913701436,
              6.891342323380215
            ],
            [
              79.84584611061499,
              6.891553768082814
            ],
            [
              79.84578373246524,
              6.891766806798768
            ],
            [
              79.84572660456675,
              6.891981311204594
            ],
            [
              79.84567476133718,
              6.892197152093811
            ],
            [
              79.84562823401116,
              6.892414199454758
            ],
            [
              79.84558705062142,
              6.892632322548904
            ],
            [
              79.84555123598194,
              6.892851389989586
            ],
            [
              79.84552081167293,
              6.89307126982116
            ],
            [
              79.8454957960278,
              6.893291829598468
            ],
            [
              79.84547620412222,
              6.893512936466616
            ],
            [
              79.84546204776485,
              6.893734457240988
            ],
            [
              79.84545333549036,
              6.893956258487496
            ],
            [
              79.84545007255417,
              6.894178206602909
            ],
            [
              79.84545226092933,
              6.894400167895358
            ],
            [
              79.84545989930528,
              6.8946220086648555
            ],
            [
              79.84547298308863,
              6.894843595283823
            ],
            [
              79.8454915044059,
              6.895064794277585
            ],
            [
              79.84551545210826,
              6.895285472404768
            ],
            [
              79.84554481177823,
              6.895505496737559
            ],
            [
              79.84557956573829,
              6.895724734741767
            ],
            [
              79.84561969306164,
              6.895943054356674
            ],
            [
              79.84566516958458,
              6.896160324074559
            ],
            [
              79.8457159679213,
              6.896376413019935
            ],
            [
              79.84577205748013,
              6.896591191028375
            ],
            [
              79.8458334044821,
              6.89680452872492
            ],
            [
              79.84589997198118,
              6.897016297602009
            ],
            [
              79.8459717198866,
              6.89722637009689
            ],
            [
              79.84604860498688,
              6.8974346196684735
            ],
            [
              79.84613058097592,
              6.8976409208735365
            ],
            [
              79.84621759848088,
              6.897845149442312
            ],
            [
              79.84630960509186,
              6.898047182353331
            ],
            [
              79.84640654539348,
              6.898246897907536
            ],
            [
              79.84650836099821,
              6.898444175801603
            ],
            [
              79.84661499058164,
              6.8986388972003905
            ],
            [
              79.84672636991924,
              6.898830944808551
            ],
            [
              79.84684243192515,
              6.899020202941173
            ],
            [
              79.84696310669254,
              6.899206557593479
            ],
            [
              79.84708832153574,
              6.899389896509511
            ],
            [
              79.84721800103397,
              6.8995701092497415
            ],
            [
              79.84735206707674,
              6.899747087257618
            ],
            [
              79.84749043891101,
              6.899920723924954
            ],
            [
              79.84763303318967,
              6.900090914656153
            ],
            [
              79.84777976402187,
              6.9002575569312325
            ],
            [
              79.84793054302466,
              6.90042055036757
            ],
            [
              79.84808527937625,
              6.900579796780387
            ],
            [
              79.84824387987076,
              6.900735200241907
            ],
            [
              79.8484062489743,
              6.900886667139132
            ],
            [
              79.84857228888252,
              6.901034106230252
            ],
            [
              79.84874189957957,
              6.901177428699615
            ],
            [
              79.84891497889826,
              6.901316548211229
            ],
            [
              79.84909142258171,
              6.901451380960784
            ],
            [
              79.84927112434603,
              6.901581845726129
            ],
            [
              79.84945397594448,
              6.90170786391623
            ],
            [
              79.84963986723257,
              6.9018293596185
            ],
            [
              79.8498286862344,
              6.901946259644538
            ],
            [
              79.85002031921024,
              6.902058493574232
            ],
            [
              79.85021465072492,
              6.902165993798185
            ],
            [
              79.85041156371743,
              6.90226869555844
            ],
            [
              79.85061093957141,
              6.902366536987515
            ],
            [
              79.85081265818665,
              6.902459459145656
            ],
            [
              79.8510165980514,
              6.902547406056374
            ],
            [
              79.85122263631561,
              6.9026303247401515
            ],
            [
              79.8514306488649,
              6.902708165246376
            ],
            [
              79.8516405103954,
              6.90278088068343
            ],
            [
              79.85185209448912,
              6.902848427246955
            ],
            [
              79.85206527369024,
              6.902910764246226
            ],
            [
              79.85227991958186,
              6.9029678541286925
            ],
            [
              79.85249590286334,
              6.9030196625025955
            ],
            [
              79.85271309342818,
              6.903066158157684
            ],
            [
              79.85293136044247,
              6.903107313084042
            ],
            [
              79.8531505724237,
              6.9031431024889365
            ],
            [
              79.85337059731991,
              6.903173504811797
            ],
            [
              79.85359130258935,
              6.903198501737165
            ],
            [
              79.85381255528029,
              6.903218078205772
            ],
            [
              79.85403422211108,
              6.903232222423586
            ],
            [
              79.8542561695505,
              6.903240925868943
            ],
            [
              79.8544782638982,
              6.903244183297659
            ],
            [
              79.85470037136527,
              6.903241992746221
            ],
            [
              79.85492235815487,
              6.903234355532947
            ],
            [
              79.8551440905427,
              6.903221276257219
            ],
            [
              79.8553654349578,
              6.9032027627966945
            ],
            [
              79.8555862580628,
              6.90317882630257
            ],
            [
              79.85580642683442,
              6.90314948119287
            ],
            [
              79.85602580864355,
              6.903114745143765
            ],
            [
              79.85624427133513,
              6.90307463907891
            ],
            [
              79.85646168330784,
              6.903029187156855
            ],
            [
              79.85667791359336,
              6.902978416756487
            ],
            [
              79.85689283193526,
              6.9029223584605415
            ],
            [
              79.85710630886747,
              6.902861046037172
            ],
            [
              79.85731821579239,
              6.902794516419609
            ],
            [
              79.8575284250582,
              6.9027228096839215
            ],
            [
              79.85773681003596,
              6.902645969024853
            ],
            [
              79.85794324519567,
              6.902564040729823
            ],
            [
              79.85814760618214,
              6.902477074151027
            ],
            [
              79.85834976988978,
              6.902385121675702
            ],
            [
              79.85854961453674,
              6.902288238694584
            ],
            [
              79.85874701973842,
              6.90218648356851
            ],
            [
              79.85894186657983,
              6.902079917593292
            ],
            [
              79.85913403768737,
              6.901968604962755
            ],
            [
              79.85932341729949,
              6.901852612730091
            ],
            [
              79.8595098913364,
              6.901732010767444
            ],
            [
              79.85969334746888,
              6.901606871723822
            ],
            [
              79.85987367518582,
              6.901477270981334
            ],
            [
              79.86005076586099,
              6.9013432866097615
            ],
            [
              79.86022451281829,
              6.901204999319538
            ],
            [
              79.86039481139613,
              6.901062492413122
            ],
            [
              79.86056155901048,
              6.900915851734801
            ],
            [
              79.86072465521654,
              6.900765165618986
            ],
            [
              79.86088400176948,
              6.900610524836984
            ],
            [
              79.86103950268337,
              6.900452022542316
            ],
            [
              79.86119106428922,
              6.9002897542146
            ],
            [
              79.86133859529122,
              6.900123817602018
            ],
            [
              79.8614820068219,
              6.899954312662441
            ],
            [
              79.86162121249555,
              6.899781341503196
            ],
            [
              79.86175612846029,
              6.899605008319559
            ],
            [
              79.86188667344858,
              6.899425419331975
            ],
            [
              79.86201276882618,
              6.899242682722075
            ],
            [
              79.86213433863948,
              6.899056908567494
            ],
            [
              79.86225130966129,
              6.898868208775556
            ],
            [
              79.8623636114349,
              6.898676697015863
            ],
            [
              79.86247117631659,
              6.8984824886518
            ],
            [
              79.86257393951627,
              6.898285700671054
            ],
            [
              79.86267183913655,
              6.898086451615124
            ],
            [
              79.86276481621006,
              6.897884861507902
            ],
            [
              79.86285281473486,
              6.897681051783383
            ],
            [
              79.86293578170827,
              6.897475145212497
            ],
            [
              79.86301366715871,
              6.8972672658291465
            ],
            [
              79.86308642417583,
              6.897057538855493
            ],
            [
              79.86315400893871,
              6.89684609062651
            ],
            [
              79.86321638074232,
              6.896633048513885
            ],
            [
              79.86327350202195,
              6.896418540849283
            ],
            [
              79.86332533837587,
              6.896202696847039
            ],
            [
              79.86337185858605,
              6.89598564652631
            ],
            [
              79.86341303463684,
              6.89576752063276
            ],
            [
              79.86344884173198,
              6.895548450559793
            ],
            [
              79.86347925830944,
              6.895328568269395
            ],
            [
              79.8635042660544,
              6.895108006212652
            ],
            [
              79.8635238499103,
              6.894886897249946
            ],
            [
              79.86353799808779,
              6.894665374570932
            ],
            [
              79.86354670207194,
              6.8944435716143015
            ],
            [
              79.8635499566273,
              6.894221621987394
            ]
          ]
        ]
      },
      "properties": {
        "zone_id": "Z5",
        "zone_name": "Bambalapitiya",
        "key_venue": "Regal Cinema area",
        "centroid_lat": 6.8942,
        "centroid_lon": 79.8545,
        "colour": "#F4A261",
        "radius_m": 1000
      }
    },
    {
      "type": "Feature",
      "geometry": {
        "type": "Polygon",
        "coordinates": [
          [
            [
              79.8970495707002,
              6.868320908785667
            ],
            [
              79.89704735645617,
              6.868098943606013
            ],
            [
              79.8970396924051,
              6.867877099585673
            ],
            [
              79.8970265831712,
              6.867655510356148
            ],
            [
              79.89700803665865,
              6.8674343093952634
            ],
            [
              79.89698406404683,
              6.867213629946782
            ],
            [
              79.89695467978362,
              6.8669936049401405
            ],
            [
              79.89691990157665,
              6.8667743669103665
            ],
            [
              79.89687975038258,
              6.8665560479182535
            ],
            [
              79.89683425039449,
              6.866338779470812
            ],
            [
              79.89678342902732,
              6.86612269244205
            ],
            [
              79.89672731690128,
              6.865907916994138
            ],
            [
              79.89666594782338,
              6.865694582499024
            ],
            [
              79.89659935876718,
              6.865482817460482
            ],
            [
              79.89652758985031,
              6.865272749436718
            ],
            [
              79.89645068431041,
              6.8650645049635495
            ],
            [
              79.89636868847907,
              6.864858209478163
            ],
            [
              79.89628165175384,
              6.864653987243584
            ],
            [
              79.89618962656851,
              6.864451961273813
            ],
            [
              79.89609266836149,
              6.864252253259736
            ],
            [
              79.89599083554243,
              6.864054983495828
            ],
            [
              79.89588418945698,
              6.863860270807697
            ],
            [
              79.89577279434985,
              6.863668232480511
            ],
            [
              79.89565671732612,
              6.863478984188365
            ],
            [
              79.89553602831076,
              6.863292639924595
            ],
            [
              79.89541080000649,
              6.863109311933129
            ],
            [
              79.89528110785008,
              6.8629291106408825
            ],
            [
              79.89514702996678,
              6.8627521445912425
            ],
            [
              79.89500864712332,
              6.862578520378703
            ],
            [
              79.8948660426792,
              6.8624083425846525
            ],
            [
              79.89471930253654,
              6.862241713714392
            ],
            [
              79.89456851508828,
              6.862078734135396
            ],
            [
              79.89441377116493,
              6.861919502016874
            ],
            [
              79.89425516397989,
              6.861764113270623
            ],
            [
              79.89409278907326,
              6.861612661493284
            ],
            [
              79.89392674425427,
              6.861465237909964
            ],
            [
              79.89375712954244,
              6.8613219313192895
            ],
            [
              79.89358404710728,
              6.861182828039937
            ],
            [
              79.8934076012067,
              6.8610480118586405
            ],
            [
              79.89322789812432,
              6.860917563979729
            ],
            [
              79.89304504610539,
              6.860791562976232
            ],
            [
              79.8928591552915,
              6.860670084742539
            ],
            [
              79.8926703376545,
              6.860553202448718
            ],
            [
              79.8924787069287,
              6.860440986496431
            ],
            [
              79.8922843785427,
              6.860333504476546
            ],
            [
              79.89208746954962,
              6.860230821128427
            ],
            [
              79.89188809855678,
              6.860132998300949
            ],
            [
              79.89168638565411,
              6.860040094915249
            ],
            [
              79.89148245234195,
              6.859952166929246
            ],
            [
              79.89127642145777,
              6.859869267303944
            ],
            [
              79.89106841710229,
              6.859791445971527
            ],
            [
              79.89085856456458,
              6.85971874980531
            ],
            [
              79.89064699024685,
              6.859651222591497
            ],
            [
              79.89043382158803,
              6.8595889050028145
            ],
            [
              79.89021918698727,
              6.859531834574026
            ],
            [
              79.89000321572645,
              6.859480045679329
            ],
            [
              79.88978603789239,
              6.85943356951165
            ],
            [
              79.88956778429849,
              6.859392434063863
            ],
            [
              79.88934858640594,
              6.859356664111944
            ],
            [
              79.88912857624459,
              6.8593262812000395
            ],
            [
              79.88890788633336,
              6.859301303627502
            ],
            [
              79.8886866496005,
              6.859281746437872
            ],
            [
              79.8884649993035,
              6.859267621409818
            ],
            [
              79.88824306894888,
              6.859258937050047
            ],
            [
              79.88802099221174,
              6.859255698588189
            ],
            [
              79.88779890285522,
              6.859257907973646
            ],
            [
              79.88757693465013,
              6.8592655638744215
            ],
            [
              79.88735522129413,
              6.859278661677919
            ],
            [
              79.88713389633142,
              6.8592971934937434
            ],
            [
              79.88691309307221,
              6.859321148158429
            ],
            [
              79.88669294451246,
              6.859350511242188
            ],
            [
              79.8864735832538,
              6.859385265057587
            ],
            [
              79.88625514142372,
              6.859425388670213
            ],
            [
              79.88603775059586,
              6.859470857911276
            ],
            [
              79.88582154171091,
              6.859521645392172
            ],
            [
              79.88560664499771,
              6.859577720520979
            ],
            [
              79.88539318989478,
              6.85963904952088
            ],
            [
              79.88518130497246,
              6.859705595450508
            ],
            [
              79.88497111785537,
              6.8597773182262065
            ],
            [
              79.88476275514564,
              6.85985417464615
            ],
            [
              79.88455634234663,
              6.859936118416379
            ],
            [
              79.88435200378734,
              6.860023100178691
            ],
            [
              79.88414986254755,
              6.860115067540344
            ],
            [
              79.88395004038368,
              6.8602119651056315
            ],
            [
              79.88375265765549,
              6.860313734509232
            ],
            [
              79.88355783325359,
              6.860420314451375
            ],
            [
              79.88336568452776,
              6.8605316407347505
            ],
            [
              79.88317632721642,
              6.860647646303177
            ],
            [
              79.88298987537675,
              6.860768261281982
            ],
            [
              79.8828064413162,
              6.860893413020092
            ],
            [
              79.88262613552467,
              6.861023026133785
            ],
            [
              79.88244906660806,
              6.861157022552095
            ],
            [
              79.88227534122281,
              6.861295321563824
            ],
            [
              79.88210506401172,
              6.861437839866156
            ],
            [
              79.88193833754087,
              6.861584491614829
            ],
            [
              79.88177526223788,
              6.8617351884758335
            ],
            [
              79.88161593633137,
              6.86188983967862
            ],
            [
              79.8814604557919,
              6.862048352070753
            ],
            [
              79.88130891427402,
              6.862210630174027
            ],
            [
              79.88116140305996,
              6.862376576241965
            ],
            [
              79.88101801100468,
              6.862546090318686
            ],
            [
              79.8808788244822,
              6.86271907029911
            ],
            [
              79.8807439273337,
              6.862895411990451
            ],
            [
              79.88061340081697,
              6.863075009174968
            ],
            [
              79.8804873235575,
              6.86325775367394
            ],
            [
              79.88036577150105,
              6.863443535412817
            ],
            [
              79.88024881786792,
              6.863632242487517
            ],
            [
              79.88013653310891,
              6.863823761231821
            ],
            [
              79.88002898486276,
              6.8640179762858375
            ],
            [
              79.87992623791551,
              6.864214770665478
            ],
            [
              79.87982835416139,
              6.864414025832907
            ],
            [
              79.87973539256558,
              6.864615621767952
            ],
            [
              79.87964740912864,
              6.864819437040384
            ],
            [
              79.87956445685282,
              6.865025348883041
            ],
            [
              79.87948658571005,
              6.865233233265785
            ],
            [
              79.87941384261195,
              6.865442964970207
            ],
            [
              79.87934627138138,
              6.865654417665026
            ],
            [
              79.87928391272621,
              6.865867463982204
            ],
            [
              79.87922680421467,
              6.866081975593643
            ],
            [
              79.87917498025276,
              6.866297823288476
            ],
            [
              79.87912847206348,
              6.8665148770509035
            ],
            [
              79.87908730766806,
              6.8667330061385
            ],
            [
              79.87905151186897,
              6.866952079160959
            ],
            [
              79.87902110623506,
              6.8671719641592235
            ],
            [
              79.87899610908853,
              6.867392528684989
            ],
            [
              79.8789765354938,
              6.867613639880459
            ],
            [
              79.87896239724859,
              6.8678351645583815
            ],
            [
              79.87895370287653,
              6.868056969282265
            ],
            [
              79.8789504576223,
              6.8682789204467545
            ],
            [
              79.87895266344823,
              6.868500884358103
            ],
            [
              79.87896031903324,
              6.86872272731471
            ],
            [
              79.87897341977352,
              6.8689443156876395
            ],
            [
              79.87899195778537,
              6.8691655160011305
            ],
            [
              79.87901592190985,
              6.869386195012978
            ],
            [
              79.87904529771957,
              6.8696062197947985
            ],
            [
              79.87908006752725,
              6.869825457812105
            ],
            [
              79.87912021039647,
              6.870043777004134
            ],
            [
              79.87916570215417,
              6.870261045863397
            ],
            [
              79.87921651540529,
              6.870477133514886
            ],
            [
              79.87927261954914,
              6.870691909794934
            ],
            [
              79.87933398079791,
              6.870905245329596
            ],
            [
              79.87940056219698,
              6.8711170116125855
            ],
            [
              79.87947232364712,
              6.871327081082697
            ],
            [
              79.87954922192867,
              6.871535327200633
            ],
            [
              79.87963121072755,
              6.8717416245252405
            ],
            [
              79.87971824066312,
              6.871945848789069
            ],
            [
              79.87981025931799,
              6.872147876973226
            ],
            [
              79.87990721126944,
              6.872347587381489
            ],
            [
              79.88000903812292,
              6.872544859713621
            ],
            [
              79.88011567854714,
              6.872739575137821
            ],
            [
              79.88022706831103,
              6.8729316163623295
            ],
            [
              79.88034314032238,
              6.873120867706079
            ],
            [
              79.88046382466831,
              6.873307215168373
            ],
            [
              79.88058904865731,
              6.8734905464975835
            ],
            [
              79.88071873686306,
              6.873670751258751
            ],
            [
              79.88085281116977,
              6.873847720900131
            ],
            [
              79.88099119081939,
              6.874021348818583
            ],
            [
              79.88113379246006,
              6.874191530423785
            ],
            [
              79.88128053019643,
              6.874358163201255
            ],
            [
              79.88143131564138,
              6.874521146774104
            ],
            [
              79.88158605796919,
              6.8746803829635095
            ],
            [
              79.88174466397032,
              6.874835775847858
            ],
            [
              79.88190703810756,
              6.874987231820542
            ],
            [
              79.88207308257344,
              6.87513465964635
            ],
            [
              79.88224269734938,
              6.875277970516431
            ],
            [
              79.88241578026569,
              6.875417078101802
            ],
            [
              79.88259222706327,
              6.875551898605357
            ],
            [
              79.88277193145636,
              6.875682350812348
            ],
            [
              79.88295478519659,
              6.87580835613933
            ],
            [
              79.88314067813815,
              6.875929838681486
            ],
            [
              79.88332949830414,
              6.876046725258372
            ],
            [
              79.88352113195407,
              6.876158945458012
            ],
            [
              79.8837154636524,
              6.876266431679302
            ],
            [
              79.88391237633793,
              6.8763691191727565
            ],
            [
              79.88411175139451,
              6.876466946079514
            ],
            [
              79.8843134687224,
              6.876559853468613
            ],
            [
              79.88451740681062,
              6.8766477853724854
            ],
            [
              79.88472344281014,
              6.876730688820695
            ],
            [
              79.88493145260799,
              6.87680851387184
            ],
            [
              79.8851413109019,
              6.876881213643652
            ],
            [
              79.88535289127589,
              6.8769487443412425
            ],
            [
              79.88556606627635,
              6.877011065283486
            ],
            [
              79.88578070748892,
              6.877068138927545
            ],
            [
              79.88599668561577,
              6.877119930891475
            ],
            [
              79.88621387055352,
              6.877166409974955
            ],
            [
              79.88643213147168,
              6.877207548178084
            ],
            [
              79.88665133689139,
              6.877243320718252
            ],
            [
              79.88687135476472,
              6.877273706045077
            ],
            [
              79.88709205255411,
              6.877298685853386
            ],
            [
              79.88731329731235,
              6.877318245094257
            ],
            [
              79.88753495576262,
              6.877332371984076
            ],
            [
              79.88775689437878,
              6.877341058011649
            ],
            [
              79.88797897946581,
              6.877344297943333
            ],
            [
              79.88820107724041,
              6.877342089826182
            ],
            [
              79.88842305391158,
              6.877334434989141
            ],
            [
              79.88864477576118,
              6.877321338042236
            ],
            [
              79.88886610922461,
              6.877302806873806
            ],
            [
              79.88908692097115,
              6.8772788526457544
            ],
            [
              79.88930707798438,
              6.877249489786816
            ],
            [
              79.88952644764234,
              6.877214735983883
            ],
            [
              79.88974489779729,
              6.877174612171343
            ],
            [
              79.88996229685553,
              6.877129142518461
            ],
            [
              79.89017851385653,
              6.877078354414834
            ],
            [
              79.89039341855194,
              6.877022278453889
            ],
            [
              79.89060688148396,
              6.876960948414443
            ],
            [
              79.89081877406342,
              6.876894401240367
            ],
            [
              79.89102896864725,
              6.876822677018321
            ],
            [
              79.89123733861533,
              6.876745818953611
            ],
            [
              79.8914437584468,
              6.876663873344156
            ],
            [
              79.89164810379575,
              6.876576889552597
            ],
            [
              79.891850251566,
              6.8764849199765585
            ],
            [
              79.89205007998542,
              6.876388020017084
            ],
            [
              79.89224746867919,
              6.876286248045262
            ],
            [
              79.89244229874232,
              6.876179665367048
            ],
            [
              79.8926344528114,
              6.876068336186347
            ],
            [
              79.89282381513513,
              6.8759523275663215
            ],
            [
              79.89301027164423,
              6.875831709388992
            ],
            [
              79.89319371002003,
              6.875706554313139
            ],
            [
              79.89337401976223,
              6.875576937730522
            ],
            [
              79.89355109225542,
              6.87544293772047
            ],
            [
              79.89372482083452,
              6.87530463500283
            ],
            [
              79.89389510084906,
              6.875162112889347
            ],
            [
              79.8940618297262,
              6.8750154572334665
            ],
            [
              79.89422490703251,
              6.874864756378605
            ],
            [
              79.89438423453454,
              6.874710101104938
            ],
            [
              79.89453971625792,
              6.874551584574707
            ],
            [
              79.89469125854522,
              6.874389302276088
            ],
            [
              79.89483877011234,
              6.8742233519656635
            ],
            [
              79.89498216210355,
              6.874053833609534
            ],
            [
              79.89512134814488,
              6.873880849323091
            ],
            [
              79.89525624439638,
              6.873704503309492
            ],
            [
              79.89538676960237,
              6.873524901796892
            ],
            [
              79.89551284514056,
              6.87334215297444
            ],
            [
              79.89563439506934,
              6.873156366927099
            ],
            [
              79.89575134617348,
              6.872967655569332
            ],
            [
              79.89586362800834,
              6.872776132577673
            ],
            [
              79.89597117294218,
              6.872581913322254
            ],
            [
              79.89607391619697,
              6.87238511479728
            ],
            [
              79.89617179588734,
              6.872185855550571
            ],
            [
              79.89626475305793,
              6.871984255612125
            ],
            [
              79.89635273171884,
              6.871780436421823
            ],
            [
              79.8964356788793,
              6.871574520756264
            ],
            [
              79.8965135445797,
              6.871366632654789
            ],
            [
              79.89658628192161,
              6.871156897344773
            ],
            [
              79.89665384709593,
              6.870945441166177
            ],
            [
              79.89671619940945,
              6.8707323914954355
            ],
            [
              79.89677330130918,
              6.870517876668729
            ],
            [
              79.89682511840508,
              6.870302025904664
            ],
            [
              79.89687161949065,
              6.870084969226436
            ],
            [
              79.89691277656182,
              6.869866837383494
            ],
            [
              79.89694856483374,
              6.869647761772789
            ],
            [
              79.89697896275568,
              6.8694278743596024
            ],
            [
              79.89700395202406,
              6.869207307598065
            ],
            [
              79.89702351759337,
              6.868986194351355
            ],
            [
              79.89703764768532,
              6.868764667811667
            ],
            [
              79.89704633379584,
              6.868542861419982
            ],
            [
              79.8970495707002,
              6.868320908785667
            ]
          ]
        ]
      },
      "properties": {
        "zone_id": "Z6",
        "zone_name": "Nugegoda",
        "key_venue": "Nugegoda Junction",
        "centroid_lat": 6.8683,
        "centroid_lon": 79.888,
        "colour": "#E76F51",
        "radius_m": 1000
      }
    },
    {
      "type": "Feature",
      "geometry": {
        "type": "Polygon",
        "coordinates": [
          [
            [
              79.90575038218402,
              6.909720868945006
            ],
            [
              79.90574816674973,
              6.909498903510392
            ],
            [
              79.90574050102059,
              6.909277059259537
            ],
            [
              79.90572738962179,
              6.909055469824068
            ],
            [
              79.90570884045889,
              6.908834268681923
            ],
            [
              79.90568486471292,
              6.908613589076961
            ],
            [
              79.9056554768337,
              6.908393563938694
            ],
            [
              79.90562069453107,
              6.9081743258022215
            ],
            [
              79.90558053876417,
              6.90795600672838
            ],
            [
              79.90553503372891,
              6.907738738224212
            ],
            [
              79.90548420684331,
              6.907522651163742
            ],
            [
              79.90542808873091,
              6.9073078757091455
            ],
            [
              79.90536671320241,
              6.907094541232345
            ],
            [
              79.90530011723526,
              6.906882776237093
            ],
            [
              79.90522834095128,
              6.906672708281546
            ],
            [
              79.90515142759259,
              6.9064644639014565
            ],
            [
              79.90506942349552,
              6.906258168533937
            ],
            [
              79.90498237806263,
              6.906053946441915
            ],
            [
              79.90489034373297,
              6.905851920639282
            ],
            [
              79.90479337595048,
              6.905652212816804
            ],
            [
              79.90469153313062,
              6.905454943268814
            ],
            [
              79.90458487662505,
              6.905260230820765
            ],
            [
              79.90447347068482,
              6.905068192757663
            ],
            [
              79.90435738242151,
              6.904878944753409
            ],
            [
              79.90423668176686,
              6.904692600801146
            ],
            [
              79.90411144143067,
              6.904509273144596
            ],
            [
              79.90398173685692,
              6.904329072210438
            ],
            [
              79.90384764617838,
              6.904152106541825
            ],
            [
              79.90370925016943,
              6.903978482732993
            ],
            [
              79.90356663219757,
              6.903808305365064
            ],
            [
              79.90341987817303,
              6.903641676943062
            ],
            [
              79.90326907649711,
              6.903478697834168
            ],
            [
              79.90311431800892,
              6.903319466207277
            ],
            [
              79.90295569593057,
              6.903164077973876
            ],
            [
              79.90279330581114,
              6.903012626730271
            ],
            [
              79.90262724546903,
              6.902865203701223
            ],
            [
              79.9024576149331,
              6.90272189768501
            ],
            [
              79.90228451638232,
              6.902582794999938
            ],
            [
              79.90210805408437,
              6.90244797943236
            ],
            [
              79.90192833433265,
              6.902317532186221
            ],
            [
              79.90174546538245,
              6.902191531834147
            ],
            [
              79.9015595573856,
              6.902070054270122
            ],
            [
              79.90137072232413,
              6.901953172663788
            ],
            [
              79.90117907394297,
              6.901840957416383
            ],
            [
              79.90098472768122,
              6.901733476118331
            ],
            [
              79.90078780060279,
              6.9016307935085495
            ],
            [
              79.90058841132583,
              6.901532971435452
            ],
            [
              79.90038667995125,
              6.901440068819715
            ],
            [
              79.90018272799048,
              6.901352141618781
            ],
            [
              79.8999766782922,
              6.901269242793166
            ],
            [
              79.89976865496838,
              6.9011914222745725
            ],
            [
              79.89955878331956,
              6.90111872693581
            ],
            [
              79.89934718975934,
              6.9010512005625815
            ],
            [
              79.89913400173823,
              6.900988883827101
            ],
            [
              79.89891934766699,
              6.900931814263615
            ],
            [
              79.89870335683916,
              6.900880026245796
            ],
            [
              79.89848615935334,
              6.9008335509660395
            ],
            [
              79.8982678860347,
              6.900792416416686
            ],
            [
              79.89804866835628,
              6.900756647373173
            ],
            [
              79.89782863835978,
              6.900726265379097
            ],
            [
              79.89760792857604,
              6.900701288733264
            ],
            [
              79.89738667194521,
              6.90068173247866
            ],
            [
              79.89716500173675,
              6.900667608393396
            ],
            [
              79.8969430514691,
              6.9006589249836185
            ],
            [
              79.89672095482929,
              6.900655687478392
            ],
            [
              79.89649884559249,
              6.90065789782655
            ],
            [
              79.89627685754131,
              6.900665554695527
            ],
            [
              79.8960551243854,
              6.900678653472157
            ],
            [
              79.89583377968083,
              6.900697186265469
            ],
            [
              79.89561295674964,
              6.900721141911424
            ],
            [
              79.89539278859964,
              6.900750505979654
            ],
            [
              79.89517340784417,
              6.900785260782148
            ],
            [
              79.89495494662242,
              6.900825385383918
            ],
            [
              79.89473753651971,
              6.900870855615592
            ],
            [
              79.89452130848828,
              6.90092164408799
            ],
            [
              79.89430639276846,
              6.9009777202086084
            ],
            [
              79.89409291881019,
              6.901039050200056
            ],
            [
              79.89388101519512,
              6.901105597120386
            ],
            [
              79.89367080955913,
              6.901177320885363
            ],
            [
              79.89346242851543,
              6.901254178292595
            ],
            [
              79.89325599757844,
              6.901336123047548
            ],
            [
              79.89305164108802,
              6.90142310579144
            ],
            [
              79.89284948213474,
              6.901515074130967
            ],
            [
              79.89264964248568,
              6.90161197266986
            ],
            [
              79.8924522425111,
              6.901713743042233
            ],
            [
              79.89225740111195,
              6.901820323947754
            ],
            [
              79.89206523564827,
              6.901931651188558
            ],
            [
              79.89187586186853,
              6.902047657707907
            ],
            [
              79.89168939383985,
              6.902168273630587
            ],
            [
              79.89150594387938,
              6.902293426304978
            ],
            [
              79.89132562248662,
              6.90242304034682
            ],
            [
              79.89114853827681,
              6.902557037684608
            ],
            [
              79.89097479791565,
              6.902695337606617
            ],
            [
              79.89080450605495,
              6.902837856809506
            ],
            [
              79.89063776526962,
              6.902984509448498
            ],
            [
              79.89047467599586,
              6.903135207189069
            ],
            [
              79.89031533647079,
              6.903289859260161
            ],
            [
              79.89015984267311,
              6.903448372508839
            ],
            [
              79.8900082882654,
              6.903610651456405
            ],
            [
              79.8898607645377,
              6.903776598355894
            ],
            [
              79.88971736035244,
              6.90394611325095
            ],
            [
              79.88957816209101,
              6.904119094036013
            ],
            [
              79.88944325360171,
              6.904295436517838
            ],
            [
              79.88931271614915,
              6.904475034478227
            ],
            [
              79.88918662836541,
              6.904657779738006
            ],
            [
              79.88906506620265,
              6.904843562222188
            ],
            [
              79.88894810288728,
              6.90503227002626
            ],
            [
              79.88883580887595,
              6.905223789483575
            ],
            [
              79.888728251813,
              6.905418005233833
            ],
            [
              79.88862549648984,
              6.905614800292532
            ],
            [
              79.88852760480576,
              6.905814056121447
            ],
            [
              79.88843463573076,
              6.906015652700021
            ],
            [
              79.88834664526993,
              6.906219468597639
            ],
            [
              79.88826368642981,
              6.906425381046779
            ],
            [
              79.88818580918633,
              6.906633266016946
            ],
            [
              79.88811306045477,
              6.90684299828938
            ],
            [
              79.88804548406151,
              6.907054451532473
            ],
            [
              79.88798312071751,
              6.907267498377856
            ],
            [
              79.88792600799388,
              6.907482010497115
            ],
            [
              79.88787418029922,
              6.907697858679082
            ],
            [
              79.88782766885883,
              6.90791491290767
            ],
            [
              79.8877865016959,
              6.908133042440168
            ],
            [
              79.88775070361467,
              6.908352115885998
            ],
            [
              79.8877202961854,
              6.908572001285858
            ],
            [
              79.8876952977314,
              6.908792566191185
            ],
            [
              79.88767572331794,
              6.909013677743958
            ],
            [
              79.88766158474324,
              6.909235202756699
            ],
            [
              79.88765289053124,
              6.90945700779271
            ],
            [
              79.88764964592652,
              6.90967895924644
            ],
            [
              79.8876518528911,
              6.9099009234239634
            ],
            [
              79.88765951010325,
              6.9101227666235
            ],
            [
              79.88767261295821,
              6.910344355215966
            ],
            [
              79.88769115357108,
              6.910565555725451
            ],
            [
              79.8877151207814,
              6.9107862349096125
            ],
            [
              79.8877445001599,
              6.911006259839961
            ],
            [
              79.88777927401725,
              6.9112254979818974
            ],
            [
              79.88781942141463,
              6.9114438172745665
            ],
            [
              79.8878649181763,
              6.911661086210405
            ],
            [
              79.88791573690419,
              6.911877173914344
            ],
            [
              79.88797184699439,
              6.91209195022266
            ],
            [
              79.88803321465552,
              6.91230528576137
            ],
            [
              79.88809980292913,
              6.91251705202417
            ],
            [
              79.88817157171188,
              6.912727121449846
            ],
            [
              79.88824847777973,
              6.912935367499104
            ],
            [
              79.88833047481394,
              6.91314166473081
            ],
            [
              79.88841751342898,
              6.913345888877546
            ],
            [
              79.88850954120215,
              6.91354791692047
            ],
            [
              79.88860650270536,
              6.913747627163418
            ],
            [
              79.88870833953828,
              6.913944899306231
            ],
            [
              79.88881499036366,
              6.914139614517198
            ],
            [
              79.88892639094414,
              6.914331655504661
            ],
            [
              79.88904247418104,
              6.914520906587672
            ],
            [
              79.88916317015475,
              6.914707253765672
            ],
            [
              79.88928840616671,
              6.914890584787172
            ],
            [
              79.8894181067834,
              6.915070789217381
            ],
            [
              79.88955219388157,
              6.915247758504723
            ],
            [
              79.88969058669544,
              6.915421386046246
            ],
            [
              79.88983320186523,
              6.915591567251836
            ],
            [
              79.88997995348745,
              6.915758199607224
            ],
            [
              79.8901307531666,
              6.915921182735754
            ],
            [
              79.89028551006841,
              6.916080418458845
            ],
            [
              79.89044413097452,
              6.916235810855145
            ],
            [
              79.89060652033872,
              6.916387266318315
            ],
            [
              79.8907725803444,
              6.91653469361343
            ],
            [
              79.89094221096357,
              6.9166780039319375
            ],
            [
              79.89111531001699,
              6.916817110945166
            ],
            [
              79.89129177323582,
              6.916951930856333
            ],
            [
              79.89147149432439,
              6.9170823824510315
            ],
            [
              79.89165436502425,
              6.917208387146159
            ],
            [
              79.89184027517933,
              6.91732986903727
            ],
            [
              79.89202911280236,
              6.917446754944294
            ],
            [
              79.89222076414231,
              6.917558974455637
            ],
            [
              79.8924151137529,
              6.917666459970599
            ],
            [
              79.89261204456217,
              6.917769146740108
            ],
            [
              79.89281143794301,
              6.917866972905724
            ],
            [
              79.89301317378455,
              6.917959879536918
            ],
            [
              79.89321713056466,
              6.918047810666567
            ],
            [
              79.89342318542303,
              6.918130713324693
            ],
            [
              79.89363121423526,
              6.918208537570364
            ],
            [
              79.89384109168759,
              6.918281236521786
            ],
            [
              79.89405269135246,
              6.9183487663845575
            ],
            [
              79.89426588576461,
              6.918411086478056
            ],
            [
              79.89448054649793,
              6.918468159259942
            ],
            [
              79.89469654424276,
              6.918519950348796
            ],
            [
              79.89491374888392,
              6.91856642854482
            ],
            [
              79.89513202957895,
              6.918607565848647
            ],
            [
              79.89535125483707,
              6.9186433374782075
            ],
            [
              79.89557129259828,
              6.918673721883672
            ],
            [
              79.89579201031309,
              6.918698700760424
            ],
            [
              79.89601327502218,
              6.9187182590601095
            ],
            [
              79.89623495343668,
              6.918732384999685
            ],
            [
              79.89645691201835,
              6.9187410700685374
            ],
            [
              79.89667901706014,
              6.918744309033605
            ],
            [
              79.89690113476667,
              6.9187420999425395
            ],
            [
              79.89712313133485,
              6.918734444124881
            ],
            [
              79.89734487303457,
              6.918721346191252
            ],
            [
              79.89756622628919,
              6.918702814030605
            ],
            [
              79.89778705775603,
              6.918678858805448
            ],
            [
              79.89800723440675,
              6.918649494945136
            ],
            [
              79.8982266236075,
              6.91861474013718
            ],
            [
              79.89844509319876,
              6.91857461531658
            ],
            [
              79.89866251157505,
              6.918529144653236
            ],
            [
              79.8988787477642,
              6.918478355537369
            ],
            [
              79.89909367150622,
              6.918422278563032
            ],
            [
              79.89930715333185,
              6.918360947509672
            ],
            [
              79.89951906464047,
              6.918294399321794
            ],
            [
              79.8997292777777,
              6.918222674086686
            ],
            [
              79.89993766611221,
              6.91814581501029
            ],
            [
              79.90014410411209,
              6.918063868391152
            ],
            [
              79.90034846742037,
              6.9179768835925435
            ],
            [
              79.90055063293013,
              6.917884913012722
            ],
            [
              79.90075047885847,
              6.917788012053359
            ],
            [
              79.90094788481998,
              6.9176862390861675
            ],
            [
              79.90114273189934,
              6.917579655417727
            ],
            [
              79.90133490272277,
              6.917468325252562
            ],
            [
              79.9015242815289,
              6.917352315654454
            ],
            [
              79.90171075423854,
              6.917231696506033
            ],
            [
              79.90189420852322,
              6.917106540466698
            ],
            [
              79.90207453387308,
              6.916976922928806
            ],
            [
              79.90225162166325,
              6.916842921972289
            ],
            [
              79.90242536521947,
              6.916704618317588
            ],
            [
              79.90259565988224,
              6.916562095277035
            ],
            [
              79.90276240306989,
              6.916415438704658
            ],
            [
              79.9029254943404,
              6.916264736944451
            ],
            [
              79.90308483545188,
              6.91611008077716
            ],
            [
              79.90324033042178,
              6.915951563365583
            ],
            [
              79.90339188558472,
              6.915789280198451
            ],
            [
              79.90353940964884,
              6.9156233290328935
            ],
            [
              79.90368281375088,
              6.915453809835545
            ],
            [
              79.90382201150966,
              6.915280824722325
            ],
            [
              79.9039569190781,
              6.915104477896912
            ],
            [
              79.90408745519379,
              6.914924875587962
            ],
            [
              79.90421354122786,
              6.91474212598513
            ],
            [
              79.90433510123242,
              6.914556339173862
            ],
            [
              79.9044520619862,
              6.914367627069101
            ],
            [
              79.90456435303875,
              6.914176103347846
            ],
            [
              79.90467190675285,
              6.913981883380678
            ],
            [
              79.90477465834518,
              6.913785084162253
            ],
            [
              79.9048725459254,
              6.9135858242408155
            ],
            [
              79.90496551053343,
              6.913384223646789
            ],
            [
              79.90505349617492,
              6.913180403820457
            ],
            [
              79.90513644985494,
              6.912974487538803
            ],
            [
              79.90521432161002,
              6.9127665988415625
            ],
            [
              79.90528706453806,
              6.912556862956465
            ],
            [
              79.90535463482668,
              6.912345406223831
            ],
            [
              79.90541699177965,
              6.912132356020433
            ],
            [
              79.90547409784119,
              6.911917840682772
            ],
            [
              79.90552591861882,
              6.911701989429772
            ],
            [
              79.90557242290389,
              6.911484932284916
            ],
            [
              79.90561358269042,
              6.911266799997942
            ],
            [
              79.90564937319196,
              6.911047723966066
            ],
            [
              79.90567977285652,
              6.91082783615482
            ],
            [
              79.90570476337948,
              6.910607269018571
            ],
            [
              79.90572432971464,
              6.91038615542072
            ],
            [
              79.90573846008333,
              6.910164628553666
            ],
            [
              79.9057471459813,
              6.90994282185858
            ],
            [
              79.90575038218402,
              6.909720868945006
            ]
          ]
        ]
      },
      "properties": {
        "zone_id": "Z7",
        "zone_name": "Rajagiriya",
        "key_venue": "Rajagiriya Interchange",
        "centroid_lat": 6.9097,
        "centroid_lon": 79.8967,
        "colour": "#264653",
        "radius_m": 1000
      }
    },
    {
      "type": "Feature",
      "geometry": {
        "type": "Polygon",
        "coordinates": [
          [
            [
              79.93085133557929,
              6.955720527320801
            ],
            [
              79.93084911150405,
              6.955498560569959
            ],
            [
              79.93084143656549,
              6.955276715209761
            ],
            [
              79.93082831539442,
              6.955055124872467
            ],
            [
              79.93080975590232,
              6.954833923036534
            ],
            [
              79.93078576927648,
              6.954613242946205
            ],
            [
              79.93075636997334,
              6.954393217531251
            ],
            [
              79.93072157570961,
              6.954173979326904
            ],
            [
              79.93068140745174,
              6.9539556603940085
            ],
            [
              79.93063588940319,
              6.953738392239488
            ],
            [
              79.93058504898981,
              6.95352230573712
            ],
            [
              79.93052891684339,
              6.953307531048703
            ],
            [
              79.93046752678306,
              6.953094197545671
            ],
            [
              79.93040091579506,
              6.952882433731144
            ],
            [
              79.93032912401033,
              6.952672367162533
            ],
            [
              79.9302521946803,
              6.9524641243747185
            ],
            [
              79.93017017415097,
              6.952257830803814
            ],
            [
              79.93008311183479,
              6.952053610711633
            ],
            [
              79.92999106018102,
              6.951851587110817
            ],
            [
              79.92989407464405,
              6.951651881690773
            ],
            [
              79.92979221365003,
              6.951454614744349
            ],
            [
              79.9296855385616,
              6.951259905095398
            ],
            [
              79.92957411364097,
              6.951067870027193
            ],
            [
              79.92945800601116,
              6.950878625211807
            ],
            [
              79.92933728561562,
              6.950692284640421
            ],
            [
              79.92921202517599,
              6.950508960554685
            ],
            [
              79.92908230014837,
              6.9503287633790976
            ],
            [
              79.92894818867781,
              6.950151801654513
            ],
            [
              79.92880977155127,
              6.949978181972762
            ],
            [
              79.92866713214889,
              6.949808008912447
            ],
            [
              79.92852035639383,
              6.949641384975967
            ],
            [
              79.92836953270044,
              6.9494784105277745
            ],
            [
              79.92821475192105,
              6.94931918373393
            ],
            [
              79.92805610729121,
              6.949163800502979
            ],
            [
              79.92789369437354,
              6.949012354428197
            ],
            [
              79.92772761100014,
              6.948864936731206
            ],
            [
              79.92755795721368,
              6.948721636207045
            ],
            [
              79.92738483520716,
              6.948582539170698
            ],
            [
              79.92720834926229,
              6.948447729405095
            ],
            [
              79.92702860568673,
              6.948317288110668
            ],
            [
              79.92684571275001,
              6.948191293856441
            ],
            [
              79.92665978061841,
              6.948069822532716
            ],
            [
              79.92647092128848,
              6.947952947305363
            ],
            [
              79.92627924851963,
              6.947840738571763
            ],
            [
              79.92608487776567,
              6.947733263918415
            ],
            [
              79.9258879261052,
              6.9476305880802185
            ],
            [
              79.92568851217112,
              6.947532772901514
            ],
            [
              79.92548675607914,
              6.947439877298815
            ],
            [
              79.92528277935553,
              6.947351957225341
            ],
            [
              79.9250767048638,
              6.9472690656373155
            ],
            [
              79.92486865673084,
              6.947191252462081
            ],
            [
              79.92465876027202,
              6.947118564568035
            ],
            [
              79.92444714191588,
              6.947051045736394
            ],
            [
              79.9242339291278,
              6.946988736634845
            ],
            [
              79.92401925033336,
              6.946931674793041
            ],
            [
              79.92380323484097,
              6.946879894580018
            ],
            [
              79.92358601276403,
              6.946833427183482
            ],
            [
              79.92336771494246,
              6.946792300591042
            ],
            [
              79.92314847286397,
              6.946756539573356
            ],
            [
              79.92292841858495,
              6.946726165669207
            ],
            [
              79.92270768465075,
              6.946701197172548
            ],
            [
              79.92248640401607,
              6.946681649121478
            ],
            [
              79.92226470996472,
              6.946667533289187
            ],
            [
              79.92204273602948,
              6.946658858176878
            ],
            [
              79.92182061591159,
              6.9466556290086405
            ],
            [
              79.92159848340026,
              6.946657847728316
            ],
            [
              79.92137647229214,
              6.946665512998323
            ],
            [
              79.92115471631067,
              6.9466786202004664
            ],
            [
              79.92093334902563,
              6.946697161438727
            ],
            [
              79.9207125037726,
              6.9467211255440136
            ],
            [
              79.92049231357281,
              6.946750498080895
            ],
            [
              79.92027291105285,
              6.946785261356294
            ],
            [
              79.92005442836496,
              6.946825394430148
            ],
            [
              79.91983699710735,
              6.946870873128021
            ],
            [
              79.91962074824498,
              6.946921670055668
            ],
            [
              79.91940581203067,
              6.946977754615532
            ],
            [
              79.91919231792671,
              6.947039093025166
            ],
            [
              79.91898039452684,
              6.947105648337598
            ],
            [
              79.91877016947882,
              6.947177380463573
            ],
            [
              79.91856176940755,
              6.947254246195694
            ],
            [
              79.91835531983884,
              6.947336199234457
            ],
            [
              79.91815094512383,
              6.947423190216126
            ],
            [
              79.91794876836398,
              6.947515166742476
            ],
            [
              79.91774891133714,
              6.947612073412333
            ],
            [
              79.91755149442398,
              6.947713851854959
            ],
            [
              79.91735663653569,
              6.947820440765196
            ],
            [
              79.91716445504223,
              6.9479317759403925
            ],
            [
              79.91697506570169,
              6.948047790319068
            ],
            [
              79.91678858259058,
              6.948168414021309
            ],
            [
              79.91660511803515,
              6.94829357439084
            ],
            [
              79.91642478254369,
              6.9484231960388065
            ],
            [
              79.91624768473996,
              6.948557200889151
            ],
            [
              79.91607393129786,
              6.94869550822565
            ],
            [
              79.91590362687705,
              6.948838034740538
            ],
            [
              79.91573687406007,
              6.948984694584653
            ],
            [
              79.9155737732904,
              6.9491353994191645
            ],
            [
              79.91541442281206,
              6.949290058468769
            ],
            [
              79.9152589186104,
              6.949448578576353
            ],
            [
              79.91510735435432,
              6.949610864259109
            ],
            [
              79.91495982133976,
              6.94977681776604
            ],
            [
              79.91481640843485,
              6.9499463391368295
            ],
            [
              79.91467720202623,
              6.950119326262043
            ],
            [
              79.91454228596713,
              6.950295674944632
            ],
            [
              79.91441174152679,
              6.950475278962676
            ],
            [
              79.91428564734156,
              6.950658030133373
            ],
            [
              79.91416407936747,
              6.950843818378187
            ],
            [
              79.91404711083447,
              6.951032531789145
            ],
            [
              79.91393481220243,
              6.951224056696237
            ],
            [
              79.9138272511185,
              6.951418277735883
            ],
            [
              79.91372449237656,
              6.9516150779204064
            ],
            [
              79.91362659787804,
              6.951814338708499
            ],
            [
              79.91353362659466,
              6.952015940076613
            ],
            [
              79.91344563453292,
              6.952219760591259
            ],
            [
              79.91336267470035,
              6.952425677482123
            ],
            [
              79.91328479707357,
              6.95263356671604
            ],
            [
              79.91321204856813,
              6.952843303071675
            ],
            [
              79.91314447301033,
              6.95305476021495
            ],
            [
              79.91308211111068,
              6.953267810775143
            ],
            [
              79.91302500043952,
              6.9534823264215895
            ],
            [
              79.91297317540423,
              6.953698177940989
            ],
            [
              79.91292666722858,
              6.953915235315226
            ],
            [
              79.91288550393385,
              6.954133367799684
            ],
            [
              79.912849710322,
              6.954352444001988
            ],
            [
              79.91281930796069,
              6.954572331961153
            ],
            [
              79.91279431517019,
              6.95479289922706
            ],
            [
              79.91277474701245,
              6.955014012940244
            ],
            [
              79.91276061528195,
              6.9552355399119
            ],
            [
              79.9127519284986,
              6.955457346704127
            ],
            [
              79.91274869190251,
              6.95567929971029
            ],
            [
              79.91275090745097,
              6.955901265235499
            ],
            [
              79.91275857381711,
              6.956123109577139
            ],
            [
              79.91277168639076,
              6.956344699105405
            ],
            [
              79.91279023728111,
              6.956565900343788
            ],
            [
              79.91281421532163,
              6.956786580049485
            ],
            [
              79.91284360607656,
              6.95700660529365
            ],
            [
              79.91287839184977,
              6.957225843541468
            ],
            [
              79.91291855169527,
              6.957444162731983
            ],
            [
              79.91296406142988,
              6.957661431357655
            ],
            [
              79.91301489364776,
              6.957877518543573
            ],
            [
              79.91307101773687,
              6.958092294126284
            ],
            [
              79.91313239989748,
              6.958305628732209
            ],
            [
              79.9131990031624,
              6.958517393855566
            ],
            [
              79.91327078741932,
              6.958727461935787
            ],
            [
              79.91334770943487,
              6.958935706434359
            ],
            [
              79.91342972288075,
              6.95914200191104
            ],
            [
              79.91351677836153,
              6.959346224099432
            ],
            [
              79.9136088234444,
              6.959548249981836
            ],
            [
              79.91370580269084,
              6.959747957863352
            ],
            [
              79.91380765768986,
              6.959945227445204
            ],
            [
              79.91391432709324,
              6.960139939897189
            ],
            [
              79.91402574665247,
              6.960331977929275
            ],
            [
              79.91414184925743,
              6.960521225862258
            ],
            [
              79.9142625649768,
              6.960707569697441
            ],
            [
              79.91438782110019,
              6.960890897185314
            ],
            [
              79.91451754218191,
              6.961071097893181
            ],
            [
              79.9146516500864,
              6.961248063271679
            ],
            [
              79.91479006403532,
              6.961421686720174
            ],
            [
              79.91493270065615,
              6.961591863650987
            ],
            [
              79.91507947403245,
              6.961758491552397
            ],
            [
              79.91523029575559,
              6.961921470050401
            ],
            [
              79.91538507497802,
              6.96208070096918
            ],
            [
              79.91554371846789,
              6.96223608839025
            ],
            [
              79.91570613066536,
              6.962387538710245
            ],
            [
              79.91587221374006,
              6.962534960697312
            ],
            [
              79.91604186765004,
              6.96267826554608
            ],
            [
              79.916214990202,
              6.962817366931145
            ],
            [
              79.91639147711291,
              6.9629521810591
            ],
            [
              79.91657122207279,
              6.9630826267190065
            ],
            [
              79.91675411680875,
              6.963208625331318
            ],
            [
              79.91694005115022,
              6.963330100995241
            ],
            [
              79.9171289130953,
              6.963446980534445
            ],
            [
              79.91732058887828,
              6.963559193541159
            ],
            [
              79.91751496303809,
              6.963666672418597
            ],
            [
              79.91771191848794,
              6.963769352421675
            ],
            [
              79.91791133658579,
              6.963867171696026
            ],
            [
              79.91811309720589,
              6.963960071315265
            ],
            [
              79.91831707881109,
              6.9640479953165
            ],
            [
              79.91852315852606,
              6.964130890734043
            ],
            [
              79.91873121221138,
              6.9642087076313235
            ],
            [
              79.91894111453828,
              6.964281399130982
            ],
            [
              79.91915273906413,
              6.964348921443112
            ],
            [
              79.91936595830865,
              6.964411233891647
            ],
            [
              79.91958064383066,
              6.964468298938861
            ],
            [
              79.9197966663056,
              6.964520082208008
            ],
            [
              79.92001389560325,
              6.964566552504013
            ],
            [
              79.9202322008663,
              6.96460768183228
            ],
            [
              79.92045145058904,
              6.964643445415563
            ],
            [
              79.92067151269679,
              6.964673821708898
            ],
            [
              79.92089225462522,
              6.964698792412577
            ],
            [
              79.92111354340042,
              6.9647183424831836
            ],
            [
              79.92133524571898,
              6.964732460142661
            ],
            [
              79.92155722802819,
              6.964741136885406
            ],
            [
              79.92177935660665,
              6.9647443674834
            ],
            [
              79.92200149764473,
              6.964742149989357
            ],
            [
              79.92222351732529,
              6.9647344857379085
            ],
            [
              79.92244528190419,
              6.964721379344793
            ],
            [
              79.92266665779098,
              6.964702838704083
            ],
            [
              79.92288751162933,
              6.964678874983429
            ],
            [
              79.92310771037734,
              6.964649502617335
            ],
            [
              79.9233271213878,
              6.964614739298468
            ],
            [
              79.92354561248807,
              6.964574605966992
            ],
            [
              79.92376305205963,
              6.964529126797965
            ],
            [
              79.9239793091175,
              6.964478329186771
            ],
            [
              79.9241942533891,
              6.964422243732613
            ],
            [
              79.92440775539276,
              6.9643609042200865
            ],
            [
              79.92461968651571,
              6.964294347598825
            ],
            [
              79.92482991909158,
              6.964222613961237
            ],
            [
              79.9250383264773,
              6.96414574651836
            ],
            [
              79.92524478312949,
              6.9640637915738175
            ],
            [
              79.9254491646799,
              6.96397679849594
            ],
            [
              79.92565134801063,
              6.963884819688002
            ],
            [
              79.925851211328,
              6.963787910556672
            ],
            [
              79.92604863423615,
              6.96368612947862
            ],
            [
              79.92624349780951,
              6.96357953776535
            ],
            [
              79.92643568466438,
              6.963468199626269
            ],
            [
              79.92662507902978,
              6.963352182129997
            ],
            [
              79.92681156681705,
              6.963231555163959
            ],
            [
              79.9269950356887,
              6.963106391392289
            ],
            [
              79.92717537512607,
              6.962976766212044
            ],
            [
              79.92735247649586,
              6.962842757707787
            ],
            [
              79.9275262331156,
              6.962704446604545
            ],
            [
              79.92769654031795,
              6.962561916219157
            ],
            [
              79.92786329551369,
              6.9624152524101115
            ],
            [
              79.92802639825359,
              6.962264543525788
            ],
            [
              79.9281857502889,
              6.962109880351251
            ],
            [
              79.92834125563053,
              6.9619513560535475
            ],
            [
              79.92849282060682,
              6.961789066125579
            ],
            [
              79.92864035392007,
              6.96162310832857
            ],
            [
              79.92878376670147,
              6.9614535826331725
            ],
            [
              79.92892297256465,
              6.961280591159242
            ],
            [
              79.9290578876577,
              6.961104238114302
            ],
            [
              79.92918843071372,
              6.96092462973078
            ],
            [
              79.9293145230997,
              6.960741874201996
            ],
            [
              79.92943608886395,
              6.960556081616986
            ],
            [
              79.92955305478179,
              6.960367363894178
            ],
            [
              79.9296653503997,
              6.9601758347139695
            ],
            [
              79.92977290807777,
              6.959981609450236
            ],
            [
              79.92987566303033,
              6.959784805100828
            ],
            [
              79.92997355336509,
              6.959585540217091
            ],
            [
              79.93006652012035,
              6.959383934832435
            ],
            [
              79.93015450730051,
              6.959180110390033
            ],
            [
              79.93023746190981,
              6.95897418966965
            ],
            [
              79.93031533398424,
              6.958766296713685
            ],
            [
              79.93038807662158,
              6.958556556752438
            ],
            [
              79.93045564600969,
              6.958345096128673
            ],
            [
              79.93051800145292,
              6.9581320422214965
            ],
            [
              79.9305751053965,
              6.957917523369637
            ],
            [
              79.93062692344921,
              6.957701668794115
            ],
            [
              79.93067342440416,
              6.95748460852041
            ],
            [
              79.93071458025743,
              6.957266473300126
            ],
            [
              79.93075036622498,
              6.957047394532224
            ],
            [
              79.93078076075761,
              6.956827504183874
            ],
            [
              79.93080574555388,
              6.956606934710947
            ],
            [
              79.93082530557109,
              6.9563858189782275
            ],
            [
              79.93083942903438,
              6.956164290179385
            ],
            [
              79.93084810744378,
              6.955942481756722
            ],
            [
              79.93085133557929,
              6.955720527320801
            ]
          ]
        ]
      },
      "properties": {
        "zone_id": "Z8",
        "zone_name": "Kelaniya",
        "key_venue": "Kelaniya Raja Maha Viharaya",
        "centroid_lat": 6.9557,
        "centroid_lon": 79.9218,
        "colour": "#6A4C93",
        "radius_m": 1000
      }
    },
    {
      "type": "Feature",
      "geometry": {
        "type": "Polygon",
        "coordinates": [
          [
            [
              79.86545036357904,
              6.915321651707394
            ],
            [
              79.86544816737747,
              6.9150996891458565
            ],
            [
              79.8654405208797,
              6.9148778472949255
            ],
            [
              79.86542742869943,
              6.914656259784816
            ],
            [
              79.86540889873062,
              6.914435060092358
            ],
            [
              79.86538494214277,
              6.91421438146058
            ],
            [
              79.86535557337415,
              6.913994356818451
            ],
            [
              79.8653208101231,
              6.913775118700811
            ],
            [
              79.86528067333732,
              6.913556799168529
            ],
            [
              79.86523518720132,
              6.913339529728965
            ],
            [
              79.86518437912173,
              6.913123441256747
            ],
            [
              79.86512827971082,
              6.91290866391494
            ],
            [
              79.86506692276805,
              6.912695327076641
            ],
            [
              79.86500034525965,
              6.912483559247057
            ],
            [
              79.8649285872964,
              6.912273487986091
            ],
            [
              79.86485169210944,
              6.912065239831519
            ],
            [
              79.86476970602415,
              6.911858940222761
            ],
            [
              79.86468267843226,
              6.911654713425327
            ],
            [
              79.86459066176214,
              6.911452682455976
            ],
            [
              79.86449371144714,
              6.91125296900861
            ],
            [
              79.86439188589222,
              6.911055693380973
            ],
            [
              79.86428524643868,
              6.910860974402213
            ],
            [
              79.86417385732733,
              6.910668929361281
            ],
            [
              79.86405778565968,
              6.910479673936306
            ],
            [
              79.86393710135752,
              6.910293322124919
            ],
            [
              79.86381187712082,
              6.9101099861755895
            ],
            [
              79.86368218838393,
              6.909929776520007
            ],
            [
              79.86354811327008,
              6.909752801706591
            ],
            [
              79.86340973254438,
              6.909579168335093
            ],
            [
              79.86326712956514,
              6.909408980992405
            ],
            [
              79.8631203902336,
              6.9092423421895575
            ],
            [
              79.86296960294229,
              6.909079352299994
            ],
            [
              79.86281485852163,
              6.908920109499102
            ],
            [
              79.86265625018537,
              6.908764709705096
            ],
            [
              79.86249387347434,
              6.908613246521244
            ],
            [
              79.8623278261989,
              6.908465811179495
            ],
            [
              79.86215820838007,
              6.908322492485531
            ],
            [
              79.86198512218922,
              6.908183376765287
            ],
            [
              79.8618086718866,
              6.908048547812953
            ],
            [
              79.86162896375852,
              6.907918086840528
            ],
            [
              79.86144610605321,
              6.907792072428883
            ],
            [
              79.86126020891578,
              6.907670580480452
            ],
            [
              79.86107138432182,
              6.907553684173526
            ],
            [
              79.86087974600991,
              6.907441453918172
            ],
            [
              79.8606854094132,
              6.907333957313831
            ],
            [
              79.86048849158973,
              6.907231259108614
            ],
            [
              79.86028911115218,
              6.907133421160301
            ],
            [
              79.86008738819616,
              6.9070405023990995
            ],
            [
              79.85988344422802,
              6.906952558792147
            ],
            [
              79.85967740209169,
              6.90686964330981
            ],
            [
              79.85946938589461,
              6.906791805893788
            ],
            [
              79.85925952093302,
              6.9067190934270375
            ],
            [
              79.85904793361652,
              6.906651549705536
            ],
            [
              79.85883475139192,
              6.906589215411912
            ],
            [
              79.85862010266648,
              6.906532128090951
            ],
            [
              79.85840411673057,
              6.906480322126976
            ],
            [
              79.8581869236798,
              6.906433828723158
            ],
            [
              79.85796865433672,
              6.906392675882711
            ],
            [
              79.85774944017196,
              6.906356888392041
            ],
            [
              79.85752941322515,
              6.906326487805821
            ],
            [
              79.85730870602526,
              6.906301492434009
            ],
            [
              79.85708745151094,
              6.906281917330826
            ],
            [
              79.85686578295032,
              6.906267774285693
            ],
            [
              79.85664383386087,
              6.906259071816134
            ],
            [
              79.85642173792893,
              6.9062558151626465
            ],
            [
              79.85619962892919,
              6.906258006285553
            ],
            [
              79.85597764064416,
              6.906265643863828
            ],
            [
              79.85575590678361,
              6.906278723295879
            ],
            [
              79.85553456090399,
              6.906297236702339
            ],
            [
              79.85531373632806,
              6.906321172930808
            ],
            [
              79.8550935660646,
              6.90635051756257
            ],
            [
              79.85487418272822,
              6.9063852529212815
            ],
            [
              79.85465571845964,
              6.906425358083621
            ],
            [
              79.85443830484596,
              6.906470808891889
            ],
            [
              79.85422207284154,
              6.9065215779685625
            ],
            [
              79.85400715268909,
              6.906577634732781
            ],
            [
              79.85379367384118,
              6.9066389454187815
            ],
            [
              79.85358176488235,
              6.906705473096205
            ],
            [
              79.8533715534517,
              6.906777177692374
            ],
            [
              79.8531631661659,
              6.906854016016405
            ],
            [
              79.85295672854306,
              6.9069359417852345
            ],
            [
              79.85275236492708,
              6.9070229056514805
            ],
            [
              79.85255019841274,
              6.9071148552331865
            ],
            [
              79.85235035077169,
              6.907211735145347
            ],
            [
              79.8521529423789,
              6.907313487033279
            ],
            [
              79.85195809214038,
              6.907420049607755
            ],
            [
              79.85176591742149,
              6.907531358681935
            ],
            [
              79.85157653397616,
              6.9076473472100055
            ],
            [
              79.85139005587735,
              6.907767945327566
            ],
            [
              79.85120659544819,
              6.907893080393707
            ],
            [
              79.85102626319443,
              6.908022677034766
            ],
            [
              79.85084916773789,
              6.908156657189704
            ],
            [
              79.85067541575093,
              6.908294940157141
            ],
            [
              79.85050511189232,
              6.9084374426439386
            ],
            [
              79.85033835874415,
              6.908584078815381
            ],
            [
              79.85017525675009,
              6.90873476034687
            ],
            [
              79.85001590415477,
              6.9088893964771
            ],
            [
              79.84986039694478,
              6.909047894062749
            ],
            [
              79.84970882879072,
              6.909210157634552
            ],
            [
              79.84956129099088,
              6.909376089454813
            ],
            [
              79.8494178724161,
              6.909545589576267
            ],
            [
              79.84927865945642,
              6.909718555902269
            ],
            [
              79.8491437359689,
              6.9098948842482875
            ],
            [
              79.84901318322719,
              6.910074468404659
            ],
            [
              79.84888707987253,
              6.910257200200539
            ],
            [
              79.8487655018664,
              6.910442969569074
            ],
            [
              79.84864852244475,
              6.910631664613663
            ],
            [
              79.84853621207385,
              6.910823171675378
            ],
            [
              79.8484286384079,
              6.911017375401399
            ],
            [
              79.84832586624823,
              6.911214158814505
            ],
            [
              79.84822795750426,
              6.911413403383507
            ],
            [
              79.84813497115626,
              6.911614989094659
            ],
            [
              79.84804696321966,
              6.911818794523928
            ],
            [
              79.84796398671149,
              6.912024696910127
            ],
            [
              79.84788609161832,
              6.91223257222886
            ],
            [
              79.84781332486617,
              6.912442295267216
            ],
            [
              79.84774573029219,
              6.912653739699183
            ],
            [
              79.84768334861835,
              6.912866778161741
            ],
            [
              79.84762621742674,
              6.913081282331563
            ],
            [
              79.84757437113706,
              6.9132971230023115
            ],
            [
              79.8475278409858,
              6.913514170162466
            ],
            [
              79.84748665500744,
              6.913732293073611
            ],
            [
              79.8474508380175,
              6.913951360349204
            ],
            [
              79.84742041159762,
              6.9141712400336965
            ],
            [
              79.84739539408258,
              6.914391799682024
            ],
            [
              79.8473758005491,
              6.914612906439365
            ],
            [
              79.84736164280693,
              6.914834427121183
            ],
            [
              79.84735292939155,
              6.9150562282934285
            ],
            [
              79.84734966555911,
              6.915278176352926
            ],
            [
              79.84735185328321,
              6.915500137607834
            ],
            [
              79.8473594912537,
              6.915721978358184
            ],
            [
              79.84737257487748,
              6.915943564976407
            ],
            [
              79.84739109628119,
              6.916164763987828
            ],
            [
              79.84741504431597,
              6.916385442151055
            ],
            [
              79.84744440456413,
              6.916605466538249
            ],
            [
              79.84747915934788,
              6.916824704615183
            ],
            [
              79.84751928773987,
              6.917043024321087
            ],
            [
              79.84756476557587,
              6.917260294148185
            ],
            [
              79.84761556546923,
              6.917476383220911
            ],
            [
              79.84767165682739,
              6.917691161374755
            ],
            [
              79.84773300587031,
              6.917904499234667
            ],
            [
              79.84779957565077,
              6.918116268292974
            ],
            [
              79.84787132607659,
              6.918326340986815
            ],
            [
              79.84794821393483,
              6.9185345907749625
            ],
            [
              79.84803019291776,
              6.91874089221406
            ],
            [
              79.84811721365072,
              6.91894512103419
            ],
            [
              79.84820922372191,
              6.919147154213718
            ],
            [
              79.84830616771384,
              6.9193468700534195
            ],
            [
              79.84840798723683,
              6.919544148249784
            ],
            [
              79.84851462096405,
              6.919738869967481
            ],
            [
              79.84862600466855,
              6.919930917910955
            ],
            [
              79.84874207126178,
              6.9201201763950895
            ],
            [
              79.84886275083424,
              6.920306531414879
            ],
            [
              79.84898797069731,
              6.920489870714132
            ],
            [
              79.8491176554272,
              6.9206700838530795
            ],
            [
              79.84925172691031,
              6.920847062274917
            ],
            [
              79.8493901043903,
              6.921020699371196
            ],
            [
              79.84953270451665,
              6.9211908905460575
            ],
            [
              79.84967944139503,
              6.921357533279227
            ],
            [
              79.8498302266388,
              6.9215205271878055
            ],
            [
              79.84998496942247,
              6.921679774086715
            ],
            [
              79.85014357653624,
              6.921835178047872
            ],
            [
              79.85030595244221,
              6.921986645457968
            ],
            [
              79.850471999332,
              6.922134085074875
            ],
            [
              79.85064161718547,
              6.92227740808261
            ],
            [
              79.85081470383119,
              6.922416528144845
            ],
            [
              79.85099115500779,
              6.92255136145693
            ],
            [
              79.85117086442693,
              6.922681826796364
            ],
            [
              79.85135372383719,
              6.922807845571758
            ],
            [
              79.85153962308937,
              6.922929341870159
            ],
            [
              79.85172845020278,
              6.923046242502799
            ],
            [
              79.8519200914328,
              6.923158477049194
            ],
            [
              79.85211443133926,
              6.923265977899561
            ],
            [
              79.85231135285608,
              6.923368680295561
            ],
            [
              79.85251073736175,
              6.923466522369319
            ],
            [
              79.85271246475084,
              6.923559445180689
            ],
            [
              79.85291641350629,
              6.923647392752773
            ],
            [
              79.85312246077267,
              6.923730312105658
            ],
            [
              79.85333048243018,
              6.923808153288315
            ],
            [
              79.85354035316941,
              6.923880869408715
            ],
            [
              79.85375194656685,
              6.923948416662082
            ],
            [
              79.85396513516103,
              6.924010754357271
            ],
            [
              79.85417979052936,
              6.92406784494131
            ],
            [
              79.85439578336549,
              6.9241196540220065
            ],
            [
              79.85461298355712,
              6.924166150388693
            ],
            [
              79.85483126026453,
              6.924207306031008
            ],
            [
              79.85505048199936,
              6.924243096155794
            ],
            [
              79.85527051670374,
              6.924273499202041
            ],
            [
              79.85549123183002,
              6.924298496853859
            ],
            [
              79.85571249442044,
              6.924318074051534
            ],
            [
              79.8559341711874,
              6.9243322190006005
            ],
            [
              79.85615612859368,
              6.92434092317895
            ],
            [
              79.85637823293291,
              6.924344181341963
            ],
            [
              79.85660035041013,
              6.924341991525685
            ],
            [
              79.85682234722242,
              6.924334355047994
            ],
            [
              79.85704408963946,
              6.924321276507827
            ],
            [
              79.85726544408416,
              6.924302763782406
            ],
            [
              79.85748627721318,
              6.924278828022487
            ],
            [
              79.85770645599712,
              6.924249483645659
            ],
            [
              79.85792584780079,
              6.924214748327652
            ],
            [
              79.85814432046315,
              6.92417464299169
            ],
            [
              79.85836174237681,
              6.924129191795893
            ],
            [
              79.85857798256748,
              6.92407842211871
            ],
            [
              79.85879291077269,
              6.92402236454245
            ],
            [
              79.85900639752046,
              6.923961052834841
            ],
            [
              79.85921831420723,
              6.923894523928692
            ],
            [
              79.85942853317529,
              6.923822817899648
            ],
            [
              79.85963692778982,
              6.923745977942041
            ],
            [
              79.85984337251502,
              6.9236640503428735
            ],
            [
              79.86004774298993,
              6.923577084453932
            ],
            [
              79.86024991610319,
              6.923485132662049
            ],
            [
              79.86044977006732,
              6.923388250357552
            ],
            [
              79.86064718449205,
              6.923286495900891
            ],
            [
              79.86084204045686,
              6.923179930587478
            ],
            [
              79.86103422058264,
              6.923068618610754
            ],
            [
              79.86122360910237,
              6.922952627023526
            ],
            [
              79.86141009193089,
              6.922832025697561
            ],
            [
              79.86159355673367,
              6.922706887281498
            ],
            [
              79.86177389299442,
              6.9225772871570745
            ],
            [
              79.8619509920817,
              6.922443303393713
            ],
            [
              79.86212474731438,
              6.922305016701497
            ],
            [
              79.86229505402586,
              6.9221625103825275
            ],
            [
              79.86246180962718,
              6.922015870280758
            ],
            [
              79.86262491366881,
              6.921865184730257
            ],
            [
              79.8627842679011,
              6.921710544502009
            ],
            [
              79.86293977633359,
              6.921552042749209
            ],
            [
              79.86309134529269,
              6.921389774951161
            ],
            [
              79.86323888347822,
              6.9212238388557425
            ],
            [
              79.86338230201835,
              6.921054334420518
            ],
            [
              79.86352151452316,
              6.9208813637525255
            ],
            [
              79.86365643713668,
              6.920705031046754
            ],
            [
              79.86378698858736,
              6.920525442523375
            ],
            [
              79.86391309023706,
              6.920342706363748
            ],
            [
              79.86403466612843,
              6.920156932645244
            ],
            [
              79.86415164303062,
              6.919968233274937
            ],
            [
              79.8642639504834,
              6.919776721922183
            ],
            [
              79.86437152083963,
              6.919582513950135
            ],
            [
              79.86447428930593,
              6.919385726346247
            ],
            [
              79.86457219398177,
              6.919186477651801
            ],
            [
              79.86466517589675,
              6.918984887890481
            ],
            [
              79.86475317904602,
              6.918781078496078
            ],
            [
              79.86483615042413,
              6.918575172239334
            ],
            [
              79.86491404005687,
              6.918367293153962
            ],
            [
              79.86498680103138,
              6.918157566461957
            ],
            [
              79.8650543895244,
              6.9179461184981275
            ],
            [
              79.86511676482868,
              6.917733076634004
            ],
            [
              79.86517388937739,
              6.917518569201105
            ],
            [
              79.86522572876687,
              6.917302725413631
            ],
            [
              79.86527225177727,
              6.917085675290613
            ],
            [
              79.86531343039128,
              6.916867549577602
            ],
            [
              79.86534923981115,
              6.916648479667888
            ],
            [
              79.86537965847344,
              6.916428597523368
            ],
            [
              79.86540466806213,
              6.916208035595038
            ],
            [
              79.86542425351949,
              6.915986926743202
            ],
            [
              79.86543840305534,
              6.915765404157452
            ],
            [
              79.86544710815387,
              6.9155436012764175
            ],
            [
              79.86545036357904,
              6.915321651707394
            ]
          ]
        ]
      },
      "properties": {
        "zone_id": "Z9",
        "zone_name": "Gangaramaya",
        "key_venue": "Gangaramaya Temple",
        "centroid_lat": 6.9153,
        "centroid_lon": 79.8564,
        "colour": "#1982C4",
        "radius_m": 1000
      }
    },
    {
      "type": "Feature",
      "geometry": {
        "type": "Polygon",
        "coordinates": [
          [
            [
              79.86995060254647,
              6.927121602788962
            ],
            [
              79.86994840508136,
              6.926899640005181
            ],
            [
              79.86994075717702,
              6.926677797961683
            ],
            [
              79.86992766344795,
              6.926456210288803
            ],
            [
              79.86990913178907,
              6.926235010463457
            ],
            [
              79.86988517337093,
              6.926014331728751
            ],
            [
              79.86985580263288,
              6.925794307013707
            ],
            [
              79.86982103727448,
              6.925575068853202
            ],
            [
              79.86978089824474,
              6.925356749308128
            ],
            [
              79.86973540972949,
              6.925139479885844
            ],
            [
              79.8696845991368,
              6.924923391460959
            ],
            [
              79.86962849708048,
              6.9247086141965015
            ],
            [
              79.86956713736159,
              6.9244952774655175
            ],
            [
              79.86950055694807,
              6.92428350977314
            ],
            [
              79.86942879595242,
              6.924073438679184
            ],
            [
              79.8693518976076,
              6.923865190721312
            ],
            [
              79.86926990824092,
              6.923658891338819
            ],
            [
              79.86918287724613,
              6.923454664797075
            ],
            [
              79.8690908570536,
              6.923252634112673
            ],
            [
              79.86899390309885,
              6.923052920979333
            ],
            [
              79.86889207378898,
              6.922855645694608
            ],
            [
              79.86878543046763,
              6.922660927087426
            ],
            [
              79.8686740373779,
              6.922468882446509
            ],
            [
              79.86855796162368,
              6.922279627449735
            ],
            [
              79.86843727312925,
              6.922093276094474
            ],
            [
              79.86831204459712,
              6.921909940628902
            ],
            [
              79.86818235146417,
              6.92172973148442
            ],
            [
              79.86804827185634,
              6.921552757209125
            ],
            [
              79.86790988654144,
              6.921379124402444
            ],
            [
              79.8677672788805,
              6.9212089376509125
            ],
            [
              79.86762053477763,
              6.921042299465206
            ],
            [
              79.86746974262816,
              6.920879310218386
            ],
            [
              79.86731499326551,
              6.920720068085442
            ],
            [
              79.86715637990636,
              6.920564668984186
            ],
            [
              79.86699399809456,
              6.920413206517458
            ],
            [
              79.86682794564354,
              6.920265771916771
            ],
            [
              79.86665832257744,
              6.920122453987355
            ],
            [
              79.8664852310708,
              6.919983339054677
            ],
            [
              79.86630877538704,
              6.919848510912449
            ],
            [
              79.86612906181568,
              6.919718050772175
            ],
            [
              79.86594619860827,
              6.9195920372142234
            ],
            [
              79.86576029591319,
              6.919470546140508
            ],
            [
              79.86557146570938,
              6.919353650728791
            ],
            [
              79.86537982173881,
              6.91924142138859
            ],
            [
              79.86518547943797,
              6.919133925718801
            ],
            [
              79.86498855586841,
              6.919031228466961
            ],
            [
              79.86478916964617,
              6.918933391490279
            ],
            [
              79.86458744087037,
              6.918840473718373
            ],
            [
              79.86438349105087,
              6.918752531117782
            ],
            [
              79.86417744303509,
              6.91866961665827
            ],
            [
              79.863969420934,
              6.918591780280911
            ],
            [
              79.8637595500474,
              6.918519068868041
            ],
            [
              79.86354795678844,
              6.9184515262150015
            ],
            [
              79.86333476860747,
              6.918389193003778
            ],
            [
              79.86312011391536,
              6.918332106778505
            ],
            [
              79.86290412200601,
              6.918280301922846
            ],
            [
              79.8626869229787,
              6.918233809639305
            ],
            [
              79.86246864765947,
              6.918192657930424
            ],
            [
              79.86224942752261,
              6.918156871581933
            ],
            [
              79.86202939461128,
              6.918126472147813
            ],
            [
              79.86180868145807,
              6.918101477937339
            ],
            [
              79.86158742100515,
              6.918081904004029
            ],
            [
              79.86136574652429,
              6.918067762136605
            ],
            [
              79.86114379153645,
              6.918059060851887
            ],
            [
              79.86092168973151,
              6.918055805389663
            ],
            [
              79.86069957488772,
              6.9180579977095435
            ],
            [
              79.86047758079107,
              6.918065636489785
            ],
            [
              79.86025584115482,
              6.918078717128077
            ],
            [
              79.8600344895389,
              6.918097231744333
            ],
            [
              79.85981365926953,
              6.918121169185428
            ],
            [
              79.85959348335885,
              6.918150515031926
            ],
            [
              79.85937409442491,
              6.9181852516067535
            ],
            [
              79.85915562461176,
              6.9182253579858655
            ],
            [
              79.85893820550984,
              6.918270810010836
            ],
            [
              79.85872196807682,
              6.9183215803034175
            ],
            [
              79.85850704255866,
              6.918377638282027
            ],
            [
              79.85829355841115,
              6.9184389501801675
            ],
            [
              79.85808164422201,
              6.918505479066767
            ],
            [
              79.85787142763348,
              6.9185771848684245
            ],
            [
              79.85766303526536,
              6.918654024393538
            ],
            [
              79.85745659263878,
              6.918735951358326
            ],
            [
              79.85725222410065,
              6.918822916414702
            ],
            [
              79.85705005274875,
              6.918914867179994
            ],
            [
              79.85685020035756,
              6.919011748268493
            ],
            [
              79.856652787305,
              6.919113501324813
            ],
            [
              79.85645793249981,
              6.919220065059038
            ],
            [
              79.85626575331013,
              6.919331375283632
            ],
            [
              79.85607636549257,
              6.919447364952097
            ],
            [
              79.85588988312274,
              6.919567964199356
            ],
            [
              79.85570641852634,
              6.9196931003838245
            ],
            [
              79.85552608221163,
              6.919822698131174
            ],
            [
              79.85534898280282,
              6.919956679379711
            ],
            [
              79.85517522697474,
              6.920094963427397
            ],
            [
              79.85500491938842,
              6.920237466980458
            ],
            [
              79.85483816262823,
              6.92038410420354
            ],
            [
              79.85467505713997,
              6.920534786771415
            ],
            [
              79.85451570117043,
              6.920689423922166
            ],
            [
              79.85436019070822,
              6.920847922511861
            ],
            [
              79.8542086194259,
              6.921010187070633
            ],
            [
              79.85406107862363,
              6.921176119860201
            ],
            [
              79.85391765717411,
              6.921345620932719
            ],
            [
              79.85377844146907,
              6.9215185881909775
            ],
            [
              79.8536435153673,
              6.921694917449889
            ],
            [
              79.85351296014396,
              6.921874502499242
            ],
            [
              79.85338685444184,
              6.922057235167665
            ],
            [
              79.85326527422383,
              6.922243005387772
            ],
            [
              79.8531482927272,
              6.922431701262464
            ],
            [
              79.85303598041952,
              6.922623209132309
            ],
            [
              79.85292840495613,
              6.922817413644011
            ],
            [
              79.85282563113948,
              6.923014197819871
            ],
            [
              79.85272772088001,
              6.923213443128247
            ],
            [
              79.85263473315887,
              6.923415029554948
            ],
            [
              79.85254672399236,
              6.923618835675511
            ],
            [
              79.85246374639827,
              6.923824738728338
            ],
            [
              79.85238585036383,
              6.9240326146886275
            ],
            [
              79.85231308281563,
              6.9242423383430864
            ],
            [
              79.85224548759133,
              6.924453783365329
            ],
            [
              79.85218310541329,
              6.924666822391979
            ],
            [
              79.85212597386392,
              6.92488132709937
            ],
            [
              79.85207412736317,
              6.92509716828084
            ],
            [
              79.85202759714764,
              6.9253142159245575
            ],
            [
              79.85198641125187,
              6.925532339291816
            ],
            [
              79.85195059449137,
              6.925751406995799
            ],
            [
              79.85192016844763,
              6.92597128708069
            ],
            [
              79.85189515145522,
              6.926191847101182
            ],
            [
              79.85187555859058,
              6.926412954202231
            ],
            [
              79.85186140166304,
              6.926634475199083
            ],
            [
              79.85185268920763,
              6.926856276657501
            ],
            [
              79.85184942647992,
              6.9270782249741245
            ],
            [
              79.85185161545286,
              6.927300186456961
            ],
            [
              79.8518592548156,
              6.927522027405895
            ],
            [
              79.85187233997415,
              6.9277436141932345
            ],
            [
              79.85189086305427,
              6.927964813344193
            ],
            [
              79.85191481290609,
              6.928185491617293
            ],
            [
              79.85194417511084,
              6.92840551608462
            ],
            [
              79.85197893198958,
              6.928624754211896
            ],
            [
              79.8520190626137,
              6.928843073938309
            ],
            [
              79.85206454281764,
              6.929060343756064
            ],
            [
              79.85211534521333,
              6.929276432789598
            ],
            [
              79.85217143920671,
              6.929491210874415
            ],
            [
              79.85223279101616,
              6.929704548635497
            ],
            [
              79.85229936369281,
              6.929916317565226
            ],
            [
              79.85237111714274,
              6.930126390100809
            ],
            [
              79.85244800815119,
              6.930334639701104
            ],
            [
              79.85252999040854,
              6.930540940922863
            ],
            [
              79.85261701453818,
              6.930745169496288
            ],
            [
              79.85270902812626,
              6.930947202399891
            ],
            [
              79.85280597575317,
              6.931146917934602
            ],
            [
              79.85290779902702,
              6.9313441957970845
            ],
            [
              79.85301443661879,
              6.9315389171522
            ],
            [
              79.85312582429914,
              6.9317309647046095
            ],
            [
              79.8532418949772,
              6.931920222769417
            ],
            [
              79.85336257874093,
              6.932106577341864
            ],
            [
              79.85348780289922,
              6.93228991616602
            ],
            [
              79.85361749202572,
              6.932470128802399
            ],
            [
              79.85375156800414,
              6.932647106694488
            ],
            [
              79.85388995007546,
              6.932820743234149
            ],
            [
              79.85403255488639,
              6.932990933825849
            ],
            [
              79.85417929653973,
              6.933157575949664
            ],
            [
              79.85433008664603,
              6.933320569223048
            ],
            [
              79.8544848343768,
              6.933479815461307
            ],
            [
              79.85464344651932,
              6.9336352187367405
            ],
            [
              79.85480582753263,
              6.933786685436453
            ],
            [
              79.85497187960524,
              6.933934124318732
            ],
            [
              79.8551415027139,
              6.934077446568035
            ],
            [
              79.85531459468402,
              6.934216565848487
            ],
            [
              79.85549105125102,
              6.934351398355901
            ],
            [
              79.85567076612327,
              6.934481862868259
            ],
            [
              79.85585363104609,
              6.93460788079466
            ],
            [
              79.85603953586693,
              6.934729376222663
            ],
            [
              79.85622836860176,
              6.934846275964019
            ],
            [
              79.85642001550254,
              6.934958509598776
            ],
            [
              79.85661436112566,
              6.935066009517698
            ],
            [
              79.85681128840162,
              6.935168710963006
            ],
            [
              79.85701067870541,
              6.935266552067391
            ],
            [
              79.85721241192809,
              6.9353594738912925
            ],
            [
              79.8574163665491,
              6.935447420458407
            ],
            [
              79.85762241970944,
              6.93553033878942
            ],
            [
              79.85783044728575,
              6.935608178933921
            ],
            [
              79.85804032396504,
              6.935680894000508
            ],
            [
              79.85825192332021,
              6.935748440185031
            ],
            [
              79.85846511788621,
              6.935810776797002
            ],
            [
              79.85867977923681,
              6.935867866284092
            ],
            [
              79.85889577806205,
              6.935919674254776
            ],
            [
              79.85911298424601,
              6.93596616949905
            ],
            [
              79.85933126694536,
              6.936007324007236
            ],
            [
              79.85955049466808,
              6.936043112986866
            ],
            [
              79.85977053535272,
              6.93607351487761
            ],
            [
              79.85999125644797,
              6.93609851136429
            ],
            [
              79.8602125249925,
              6.936118087387889
            ],
            [
              79.86043420769509,
              6.936132231154658
            ],
            [
              79.86065617101495,
              6.936140934143202
            ],
            [
              79.86087828124212,
              6.936144191109622
            ],
            [
              79.86110040457807,
              6.936142000090686
            ],
            [
              79.86132240721633,
              6.936134362405009
            ],
            [
              79.86154415542309,
              6.936121282652257
            ],
            [
              79.86176551561778,
              6.936102768710389
            ],
            [
              79.86198635445349,
              6.9360788317309
            ],
            [
              79.86220653889745,
              6.936049486132119
            ],
            [
              79.86242593631104,
              6.93601474959052
            ],
            [
              79.86264441452981,
              6.935974643030068
            ],
            [
              79.86286184194303,
              6.935929190609628
            ],
            [
              79.86307808757306,
              6.935878419708398
            ],
            [
              79.86329302115416,
              6.935822360909427
            ],
            [
              79.8635065132111,
              6.935761047981189
            ],
            [
              79.86371843513714,
              6.935694517857237
            ],
            [
              79.86392865927138,
              6.935622810613957
            ],
            [
              79.86413705897587,
              6.935545969446418
            ],
            [
              79.86434350871176,
              6.93546404064236
            ],
            [
              79.86454788411505,
              6.935377073554305
            ],
            [
              79.86475006207141,
              6.935285120569813
            ],
            [
              79.86494992079045,
              6.935188237079943
            ],
            [
              79.86514733987902,
              6.935086481445865
            ],
            [
              79.86534220041376,
              6.934979914963705
            ],
            [
              79.86553438501285,
              6.9348686018276195
            ],
            [
              79.86572377790655,
              6.934752609091123
            ],
            [
              79.86591026500709,
              6.9346320066266784
            ],
            [
              79.86609373397734,
              6.934506867083621
            ],
            [
              79.8662740742985,
              6.934377265844375
            ],
            [
              79.86645117733669,
              6.934243280979044
            ],
            [
              79.86662493640839,
              6.934104993198381
            ],
            [
              79.86679524684472,
              6.93396248580515
            ],
            [
              79.86696200605445,
              6.933815844643957
            ],
            [
              79.86712511358586,
              6.9336651580495205
            ],
            [
              79.86728447118728,
              6.933510516793454
            ],
            [
              79.86743998286612,
              6.933352014029583
            ],
            [
              79.86759155494693,
              6.933189745237826
            ],
            [
              79.86773909612761,
              6.933023808166665
            ],
            [
              79.86788251753455,
              6.93285430277426
            ],
            [
              79.8680217327761,
              6.932681331168227
            ],
            [
              79.86815665799466,
              6.93250499754413
            ],
            [
              79.86828721191709,
              6.932325408122692
            ],
            [
              79.86841331590381,
              6.932142671085823
            ],
            [
              79.86853489399606,
              6.931956896511428
            ],
            [
              79.86865187296165,
              6.931768196307097
            ],
            [
              79.86876418233916,
              6.931576684142691
            ],
            [
              79.86887175448025,
              6.93138247538186
            ],
            [
              79.86897452459051,
              6.9311856870125315
            ],
            [
              79.86907243076844,
              6.930986437576452
            ],
            [
              79.8691654140427,
              6.9307848470977556
            ],
            [
              79.86925341840768,
              6.9305810370106675
            ],
            [
              79.86933639085721,
              6.930375130086343
            ],
            [
              79.86941428141643,
              6.9301672503589105
            ],
            [
              79.86948704317193,
              6.929957523050737
            ],
            [
              79.86955463230002,
              6.92974607449701
            ],
            [
              79.86961700809304,
              6.929533032069613
            ],
            [
              79.86967413298392,
              6.929318524100407
            ],
            [
              79.86972597256879,
              6.9291026798039095
            ],
            [
              79.86977249562767,
              6.92888562919946
            ],
            [
              79.8698136741433,
              6.928667503032894
            ],
            [
              79.86984948331795,
              6.928448432697777
            ],
            [
              79.86987990158838,
              6.9282285501562555
            ],
            [
              79.86990491063875,
              6.928007987859563
            ],
            [
              79.86992449541175,
              6.927786878668223
            ],
            [
              79.86993864411758,
              6.927565355772026
            ],
            [
              79.86994734824098,
              6.927343552609785
            ],
            [
              79.86995060254647,
              6.927121602788962
            ]
          ]
        ]
      },
      "properties": {
        "zone_id": "Z10",
        "zone_name": "Maradana / Premadasa",
        "key_venue": "R. Premadasa Stadium",
        "centroid_lat": 6.9271,
        "centroid_lon": 79.8609,
        "colour": "#8AC926",
        "radius_m": 1000
      }
    }
  ],
  "properties": {
    "description": "Colombo ride-hailing demand zones",
    "crs": "EPSG:4326",
    "zone_count": 10,
    "radius_m": 1000
  }
}